ISO.Afghanistan,!,DHS.Armenia,deduced
ISO.Afghanistan,<,DHS.Asia,deduced
ISO.Afghanistan,!,DHS.Azerbaijan,deduced
ISO.Afghanistan,!,DHS.Bahrain,deduced
ISO.Afghanistan,!,DHS.Bangladesh,deduced
ISO.Afghanistan,!,DHS.Bhutan,deduced
ISO.Afghanistan,!,DHS.Brunei,deduced
ISO.Afghanistan,!,DHS.Burma,deduced
ISO.Afghanistan,!,DHS.Cambodia,deduced
ISO.Afghanistan,!,DHS.China,deduced
ISO.Afghanistan,!,DHS.Cyprus,deduced
ISO.Afghanistan,!,DHS.EastTimor,deduced
ISO.Afghanistan,!,DHS.Georgia,deduced
ISO.Afghanistan,!,DHS.HongKong,deduced
ISO.Afghanistan,!,DHS.India,deduced
ISO.Afghanistan,!,DHS.Indonesia,deduced
ISO.Afghanistan,!,DHS.Iran,deduced
ISO.Afghanistan,!,DHS.Iraq,deduced
ISO.Afghanistan,!,DHS.Israel,deduced
ISO.Afghanistan,!,DHS.Japan,deduced
ISO.Afghanistan,!,DHS.Jordan,deduced
ISO.Afghanistan,!,DHS.KazakDHStan,deduced
ISO.Afghanistan,!,DHS.Kuwait,deduced
ISO.Afghanistan,!,DHS.Kyrgyzstan,deduced
ISO.Afghanistan,!,DHS.Laos,deduced
ISO.Afghanistan,!,DHS.Lebanon,deduced
ISO.Afghanistan,!,DHS.Macau,deduced
ISO.Afghanistan,!,DHS.Malaysia,deduced
ISO.Afghanistan,!,DHS.Maldives,deduced
ISO.Afghanistan,!,DHS.Mongolia,deduced
ISO.Afghanistan,!,DHS.Nepal,deduced
ISO.Afghanistan,!,DHS.NorthKorea,deduced
ISO.Afghanistan,!,DHS.Oman,deduced
ISO.Afghanistan,!,DHS.Pakistan,deduced
ISO.Afghanistan,!,DHS.Philippines,deduced
ISO.Afghanistan,!,DHS.Qatar,deduced
ISO.Afghanistan,!,DHS.SaudiArabia,deduced
ISO.Afghanistan,!,DHS.Singapore,deduced
ISO.Afghanistan,!,DHS.SouthKorea,deduced
ISO.Afghanistan,!,DHS.SriLanka,deduced
ISO.Afghanistan,!,DHS.Taiwan,deduced
ISO.Afghanistan,!,DHS.Tajikistan,deduced
ISO.Afghanistan,!,DHS.Thailand,deduced
ISO.Afghanistan,!,DHS.Turkey,deduced
ISO.Afghanistan,!,DHS.Turkmenistan,deduced
ISO.Afghanistan,!,DHS.UnitedArabEmirates,deduced
ISO.Afghanistan,!,DHS.Uzbekistan,deduced
ISO.Afghanistan,!,DHS.Vietnam,deduced
ISO.Afghanistan,!,DHS.Yemen,deduced
ISO.Armenia,!,DHS.Afghanistan,deduced
ISO.Armenia,<,DHS.Asia,deduced
ISO.Armenia,!,DHS.Azerbaijan,deduced
ISO.Armenia,!,DHS.Bahrain,deduced
ISO.Armenia,!,DHS.Bangladesh,deduced
ISO.Armenia,!,DHS.Bhutan,deduced
ISO.Armenia,!,DHS.Brunei,deduced
ISO.Armenia,!,DHS.Burma,deduced
ISO.Armenia,!,DHS.Cambodia,deduced
ISO.Armenia,!,DHS.China,deduced
ISO.Armenia,!,DHS.Cyprus,deduced
ISO.Armenia,!,DHS.EastTimor,deduced
ISO.Armenia,!,DHS.Georgia,deduced
ISO.Armenia,!,DHS.HongKong,deduced
ISO.Armenia,!,DHS.India,deduced
ISO.Armenia,!,DHS.Indonesia,deduced
ISO.Armenia,!,DHS.Iran,deduced
ISO.Armenia,!,DHS.Iraq,deduced
ISO.Armenia,!,DHS.Israel,deduced
ISO.Armenia,!,DHS.Japan,deduced
ISO.Armenia,!,DHS.Jordan,deduced
ISO.Armenia,!,DHS.KazakDHStan,deduced
ISO.Armenia,!,DHS.Kuwait,deduced
ISO.Armenia,!,DHS.Kyrgyzstan,deduced
ISO.Armenia,!,DHS.Laos,deduced
ISO.Armenia,!,DHS.Lebanon,deduced
ISO.Armenia,!,DHS.Macau,deduced
ISO.Armenia,!,DHS.Malaysia,deduced
ISO.Armenia,!,DHS.Maldives,deduced
ISO.Armenia,!,DHS.Mongolia,deduced
ISO.Armenia,!,DHS.Nepal,deduced
ISO.Armenia,!,DHS.NorthKorea,deduced
ISO.Armenia,!,DHS.Oman,deduced
ISO.Armenia,!,DHS.Pakistan,deduced
ISO.Armenia,!,DHS.Philippines,deduced
ISO.Armenia,!,DHS.Qatar,deduced
ISO.Armenia,!,DHS.SaudiArabia,deduced
ISO.Armenia,!,DHS.Singapore,deduced
ISO.Armenia,!,DHS.SouthKorea,deduced
ISO.Armenia,!,DHS.SriLanka,deduced
ISO.Armenia,!,DHS.Taiwan,deduced
ISO.Armenia,!,DHS.Tajikistan,deduced
ISO.Armenia,!,DHS.Thailand,deduced
ISO.Armenia,!,DHS.Turkey,deduced
ISO.Armenia,!,DHS.Turkmenistan,deduced
ISO.Armenia,!,DHS.UnitedArabEmirates,deduced
ISO.Armenia,!,DHS.Uzbekistan,deduced
ISO.Armenia,!,DHS.Vietnam,deduced
ISO.Armenia,!,DHS.Yemen,deduced
ISO.Asia,>,DHS.Afghanistan,deduced
ISO.Asia,>,DHS.Armenia,deduced
ISO.Asia,>,DHS.Azerbaijan,deduced
ISO.Asia,>,DHS.Bahrain,deduced
ISO.Asia,>,DHS.Bangladesh,deduced
ISO.Asia,>,DHS.Bhutan,deduced
ISO.Asia,>,DHS.Brunei,deduced
ISO.Asia,>,DHS.Burma,deduced
ISO.Asia,>,DHS.Cambodia,deduced
ISO.Asia,>,DHS.China,deduced
ISO.Asia,>,DHS.Cyprus,deduced
ISO.Asia,>,DHS.EastTimor,deduced
ISO.Asia,>,DHS.Georgia,deduced
ISO.Asia,>,DHS.HongKong,deduced
ISO.Asia,>,DHS.India,deduced
ISO.Asia,>,DHS.Indonesia,deduced
ISO.Asia,>,DHS.Iran,deduced
ISO.Asia,>,DHS.Iraq,deduced
ISO.Asia,>,DHS.Israel,deduced
ISO.Asia,>,DHS.Japan,deduced
ISO.Asia,>,DHS.Jordan,deduced
ISO.Asia,>,DHS.KazakDHStan,deduced
ISO.Asia,>,DHS.Kuwait,deduced
ISO.Asia,>,DHS.Kyrgyzstan,deduced
ISO.Asia,>,DHS.Laos,deduced
ISO.Asia,>,DHS.Lebanon,deduced
ISO.Asia,>,DHS.Macau,deduced
ISO.Asia,>,DHS.Malaysia,deduced
ISO.Asia,>,DHS.Maldives,deduced
ISO.Asia,>,DHS.Mongolia,deduced
ISO.Asia,>,DHS.Nepal,deduced
ISO.Asia,>,DHS.NorthKorea,deduced
ISO.Asia,>,DHS.Oman,deduced
ISO.Asia,>,DHS.Pakistan,deduced
ISO.Asia,>,DHS.Philippines,deduced
ISO.Asia,>,DHS.Qatar,deduced
ISO.Asia,>,DHS.SaudiArabia,deduced
ISO.Asia,>,DHS.Singapore,deduced
ISO.Asia,>,DHS.SouthKorea,deduced
ISO.Asia,>,DHS.SriLanka,deduced
ISO.Asia,>,DHS.Taiwan,deduced
ISO.Asia,>,DHS.Tajikistan,deduced
ISO.Asia,>,DHS.Thailand,deduced
ISO.Asia,>,DHS.Turkey,deduced
ISO.Asia,>,DHS.Turkmenistan,deduced
ISO.Asia,>,DHS.UnitedArabEmirates,deduced
ISO.Asia,>,DHS.Uzbekistan,deduced
ISO.Asia,>,DHS.Vietnam,deduced
ISO.Asia,>,DHS.Yemen,deduced
ISO.Azerbaijan,!,DHS.Afghanistan,deduced
ISO.Azerbaijan,!,DHS.Armenia,deduced
ISO.Azerbaijan,<,DHS.Asia,deduced
ISO.Azerbaijan,!,DHS.Bahrain,deduced
ISO.Azerbaijan,!,DHS.Bangladesh,deduced
ISO.Azerbaijan,!,DHS.Bhutan,deduced
ISO.Azerbaijan,!,DHS.Brunei,deduced
ISO.Azerbaijan,!,DHS.Burma,deduced
ISO.Azerbaijan,!,DHS.Cambodia,deduced
ISO.Azerbaijan,!,DHS.China,deduced
ISO.Azerbaijan,!,DHS.Cyprus,deduced
ISO.Azerbaijan,!,DHS.EastTimor,deduced
ISO.Azerbaijan,!,DHS.Georgia,deduced
ISO.Azerbaijan,!,DHS.HongKong,deduced
ISO.Azerbaijan,!,DHS.India,deduced
ISO.Azerbaijan,!,DHS.Indonesia,deduced
ISO.Azerbaijan,!,DHS.Iran,deduced
ISO.Azerbaijan,!,DHS.Iraq,deduced
ISO.Azerbaijan,!,DHS.Israel,deduced
ISO.Azerbaijan,!,DHS.Japan,deduced
ISO.Azerbaijan,!,DHS.Jordan,deduced
ISO.Azerbaijan,!,DHS.KazakDHStan,deduced
ISO.Azerbaijan,!,DHS.Kuwait,deduced
ISO.Azerbaijan,!,DHS.Kyrgyzstan,deduced
ISO.Azerbaijan,!,DHS.Laos,deduced
ISO.Azerbaijan,!,DHS.Lebanon,deduced
ISO.Azerbaijan,!,DHS.Macau,deduced
ISO.Azerbaijan,!,DHS.Malaysia,deduced
ISO.Azerbaijan,!,DHS.Maldives,deduced
ISO.Azerbaijan,!,DHS.Mongolia,deduced
ISO.Azerbaijan,!,DHS.Nepal,deduced
ISO.Azerbaijan,!,DHS.NorthKorea,deduced
ISO.Azerbaijan,!,DHS.Oman,deduced
ISO.Azerbaijan,!,DHS.Pakistan,deduced
ISO.Azerbaijan,!,DHS.Philippines,deduced
ISO.Azerbaijan,!,DHS.Qatar,deduced
ISO.Azerbaijan,!,DHS.SaudiArabia,deduced
ISO.Azerbaijan,!,DHS.Singapore,deduced
ISO.Azerbaijan,!,DHS.SouthKorea,deduced
ISO.Azerbaijan,!,DHS.SriLanka,deduced
ISO.Azerbaijan,!,DHS.Taiwan,deduced
ISO.Azerbaijan,!,DHS.Tajikistan,deduced
ISO.Azerbaijan,!,DHS.Thailand,deduced
ISO.Azerbaijan,!,DHS.Turkey,deduced
ISO.Azerbaijan,!,DHS.Turkmenistan,deduced
ISO.Azerbaijan,!,DHS.UnitedArabEmirates,deduced
ISO.Azerbaijan,!,DHS.Uzbekistan,deduced
ISO.Azerbaijan,!,DHS.Vietnam,deduced
ISO.Azerbaijan,!,DHS.Yemen,deduced
ISO.Bahrain,!,DHS.Afghanistan,deduced
ISO.Bahrain,!,DHS.Armenia,deduced
ISO.Bahrain,<,DHS.Asia,deduced
ISO.Bahrain,!,DHS.Azerbaijan,deduced
ISO.Bahrain,!,DHS.Bangladesh,deduced
ISO.Bahrain,!,DHS.Bhutan,deduced
ISO.Bahrain,!,DHS.Brunei,deduced
ISO.Bahrain,!,DHS.Burma,deduced
ISO.Bahrain,!,DHS.Cambodia,deduced
ISO.Bahrain,!,DHS.China,deduced
ISO.Bahrain,!,DHS.Cyprus,deduced
ISO.Bahrain,!,DHS.EastTimor,deduced
ISO.Bahrain,!,DHS.Georgia,deduced
ISO.Bahrain,!,DHS.HongKong,deduced
ISO.Bahrain,!,DHS.India,deduced
ISO.Bahrain,!,DHS.Indonesia,deduced
ISO.Bahrain,!,DHS.Iran,deduced
ISO.Bahrain,!,DHS.Iraq,deduced
ISO.Bahrain,!,DHS.Israel,deduced
ISO.Bahrain,!,DHS.Japan,deduced
ISO.Bahrain,!,DHS.Jordan,deduced
ISO.Bahrain,!,DHS.KazakDHStan,deduced
ISO.Bahrain,!,DHS.Kuwait,deduced
ISO.Bahrain,!,DHS.Kyrgyzstan,deduced
ISO.Bahrain,!,DHS.Laos,deduced
ISO.Bahrain,!,DHS.Lebanon,deduced
ISO.Bahrain,!,DHS.Macau,deduced
ISO.Bahrain,!,DHS.Malaysia,deduced
ISO.Bahrain,!,DHS.Maldives,deduced
ISO.Bahrain,!,DHS.Mongolia,deduced
ISO.Bahrain,!,DHS.Nepal,deduced
ISO.Bahrain,!,DHS.NorthKorea,deduced
ISO.Bahrain,!,DHS.Oman,deduced
ISO.Bahrain,!,DHS.Pakistan,deduced
ISO.Bahrain,!,DHS.Philippines,deduced
ISO.Bahrain,!,DHS.Qatar,deduced
ISO.Bahrain,!,DHS.SaudiArabia,deduced
ISO.Bahrain,!,DHS.Singapore,deduced
ISO.Bahrain,!,DHS.SouthKorea,deduced
ISO.Bahrain,!,DHS.SriLanka,deduced
ISO.Bahrain,!,DHS.Taiwan,deduced
ISO.Bahrain,!,DHS.Tajikistan,deduced
ISO.Bahrain,!,DHS.Thailand,deduced
ISO.Bahrain,!,DHS.Turkey,deduced
ISO.Bahrain,!,DHS.Turkmenistan,deduced
ISO.Bahrain,!,DHS.UnitedArabEmirates,deduced
ISO.Bahrain,!,DHS.Uzbekistan,deduced
ISO.Bahrain,!,DHS.Vietnam,deduced
ISO.Bahrain,!,DHS.Yemen,deduced
ISO.Bangladesh,!,DHS.Afghanistan,deduced
ISO.Bangladesh,!,DHS.Armenia,deduced
ISO.Bangladesh,<,DHS.Asia,deduced
ISO.Bangladesh,!,DHS.Azerbaijan,deduced
ISO.Bangladesh,!,DHS.Bahrain,deduced
ISO.Bangladesh,!,DHS.Bhutan,deduced
ISO.Bangladesh,!,DHS.Brunei,deduced
ISO.Bangladesh,!,DHS.Burma,deduced
ISO.Bangladesh,!,DHS.Cambodia,deduced
ISO.Bangladesh,!,DHS.China,deduced
ISO.Bangladesh,!,DHS.Cyprus,deduced
ISO.Bangladesh,!,DHS.EastTimor,deduced
ISO.Bangladesh,!,DHS.Georgia,deduced
ISO.Bangladesh,!,DHS.HongKong,deduced
ISO.Bangladesh,!,DHS.India,deduced
ISO.Bangladesh,!,DHS.Indonesia,deduced
ISO.Bangladesh,!,DHS.Iran,deduced
ISO.Bangladesh,!,DHS.Iraq,deduced
ISO.Bangladesh,!,DHS.Israel,deduced
ISO.Bangladesh,!,DHS.Japan,deduced
ISO.Bangladesh,!,DHS.Jordan,deduced
ISO.Bangladesh,!,DHS.KazakDHStan,deduced
ISO.Bangladesh,!,DHS.Kuwait,deduced
ISO.Bangladesh,!,DHS.Kyrgyzstan,deduced
ISO.Bangladesh,!,DHS.Laos,deduced
ISO.Bangladesh,!,DHS.Lebanon,deduced
ISO.Bangladesh,!,DHS.Macau,deduced
ISO.Bangladesh,!,DHS.Malaysia,deduced
ISO.Bangladesh,!,DHS.Maldives,deduced
ISO.Bangladesh,!,DHS.Mongolia,deduced
ISO.Bangladesh,!,DHS.Nepal,deduced
ISO.Bangladesh,!,DHS.NorthKorea,deduced
ISO.Bangladesh,!,DHS.Oman,deduced
ISO.Bangladesh,!,DHS.Pakistan,deduced
ISO.Bangladesh,!,DHS.Philippines,deduced
ISO.Bangladesh,!,DHS.Qatar,deduced
ISO.Bangladesh,!,DHS.SaudiArabia,deduced
ISO.Bangladesh,!,DHS.Singapore,deduced
ISO.Bangladesh,!,DHS.SouthKorea,deduced
ISO.Bangladesh,!,DHS.SriLanka,deduced
ISO.Bangladesh,!,DHS.Taiwan,deduced
ISO.Bangladesh,!,DHS.Tajikistan,deduced
ISO.Bangladesh,!,DHS.Thailand,deduced
ISO.Bangladesh,!,DHS.Turkey,deduced
ISO.Bangladesh,!,DHS.Turkmenistan,deduced
ISO.Bangladesh,!,DHS.UnitedArabEmirates,deduced
ISO.Bangladesh,!,DHS.Uzbekistan,deduced
ISO.Bangladesh,!,DHS.Vietnam,deduced
ISO.Bangladesh,!,DHS.Yemen,deduced
ISO.Bhutan,!,DHS.Afghanistan,deduced
ISO.Bhutan,!,DHS.Armenia,deduced
ISO.Bhutan,<,DHS.Asia,deduced
ISO.Bhutan,!,DHS.Azerbaijan,deduced
ISO.Bhutan,!,DHS.Bahrain,deduced
ISO.Bhutan,!,DHS.Bangladesh,deduced
ISO.Bhutan,!,DHS.Brunei,deduced
ISO.Bhutan,!,DHS.Burma,deduced
ISO.Bhutan,!,DHS.Cambodia,deduced
ISO.Bhutan,!,DHS.China,deduced
ISO.Bhutan,!,DHS.Cyprus,deduced
ISO.Bhutan,!,DHS.EastTimor,deduced
ISO.Bhutan,!,DHS.Georgia,deduced
ISO.Bhutan,!,DHS.HongKong,deduced
ISO.Bhutan,!,DHS.India,deduced
ISO.Bhutan,!,DHS.Indonesia,deduced
ISO.Bhutan,!,DHS.Iran,deduced
ISO.Bhutan,!,DHS.Iraq,deduced
ISO.Bhutan,!,DHS.Israel,deduced
ISO.Bhutan,!,DHS.Japan,deduced
ISO.Bhutan,!,DHS.Jordan,deduced
ISO.Bhutan,!,DHS.KazakDHStan,deduced
ISO.Bhutan,!,DHS.Kuwait,deduced
ISO.Bhutan,!,DHS.Kyrgyzstan,deduced
ISO.Bhutan,!,DHS.Laos,deduced
ISO.Bhutan,!,DHS.Lebanon,deduced
ISO.Bhutan,!,DHS.Macau,deduced
ISO.Bhutan,!,DHS.Malaysia,deduced
ISO.Bhutan,!,DHS.Maldives,deduced
ISO.Bhutan,!,DHS.Mongolia,deduced
ISO.Bhutan,!,DHS.Nepal,deduced
ISO.Bhutan,!,DHS.NorthKorea,deduced
ISO.Bhutan,!,DHS.Oman,deduced
ISO.Bhutan,!,DHS.Pakistan,deduced
ISO.Bhutan,!,DHS.Philippines,deduced
ISO.Bhutan,!,DHS.Qatar,deduced
ISO.Bhutan,!,DHS.SaudiArabia,deduced
ISO.Bhutan,!,DHS.Singapore,deduced
ISO.Bhutan,!,DHS.SouthKorea,deduced
ISO.Bhutan,!,DHS.SriLanka,deduced
ISO.Bhutan,!,DHS.Taiwan,deduced
ISO.Bhutan,!,DHS.Tajikistan,deduced
ISO.Bhutan,!,DHS.Thailand,deduced
ISO.Bhutan,!,DHS.Turkey,deduced
ISO.Bhutan,!,DHS.Turkmenistan,deduced
ISO.Bhutan,!,DHS.UnitedArabEmirates,deduced
ISO.Bhutan,!,DHS.Uzbekistan,deduced
ISO.Bhutan,!,DHS.Vietnam,deduced
ISO.Bhutan,!,DHS.Yemen,deduced
ISO.BruneiDarussalam,!,DHS.Afghanistan,deduced
ISO.BruneiDarussalam,!,DHS.Armenia,deduced
ISO.BruneiDarussalam,<,DHS.Asia,deduced
ISO.BruneiDarussalam,!,DHS.Azerbaijan,deduced
ISO.BruneiDarussalam,!,DHS.Bahrain,deduced
ISO.BruneiDarussalam,!,DHS.Bangladesh,deduced
ISO.BruneiDarussalam,!,DHS.Bhutan,deduced
ISO.BruneiDarussalam,!,DHS.Burma,deduced
ISO.BruneiDarussalam,!,DHS.Cambodia,deduced
ISO.BruneiDarussalam,!,DHS.China,deduced
ISO.BruneiDarussalam,!,DHS.Cyprus,deduced
ISO.BruneiDarussalam,!,DHS.EastTimor,deduced
ISO.BruneiDarussalam,!,DHS.Georgia,deduced
ISO.BruneiDarussalam,!,DHS.HongKong,deduced
ISO.BruneiDarussalam,!,DHS.India,deduced
ISO.BruneiDarussalam,!,DHS.Indonesia,deduced
ISO.BruneiDarussalam,!,DHS.Iran,deduced
ISO.BruneiDarussalam,!,DHS.Iraq,deduced
ISO.BruneiDarussalam,!,DHS.Israel,deduced
ISO.BruneiDarussalam,!,DHS.Japan,deduced
ISO.BruneiDarussalam,!,DHS.Jordan,deduced
ISO.BruneiDarussalam,!,DHS.KazakDHStan,deduced
ISO.BruneiDarussalam,!,DHS.Kuwait,deduced
ISO.BruneiDarussalam,!,DHS.Kyrgyzstan,deduced
ISO.BruneiDarussalam,!,DHS.Laos,deduced
ISO.BruneiDarussalam,!,DHS.Lebanon,deduced
ISO.BruneiDarussalam,!,DHS.Macau,deduced
ISO.BruneiDarussalam,!,DHS.Malaysia,deduced
ISO.BruneiDarussalam,!,DHS.Maldives,deduced
ISO.BruneiDarussalam,!,DHS.Mongolia,deduced
ISO.BruneiDarussalam,!,DHS.Nepal,deduced
ISO.BruneiDarussalam,!,DHS.NorthKorea,deduced
ISO.BruneiDarussalam,!,DHS.Oman,deduced
ISO.BruneiDarussalam,!,DHS.Pakistan,deduced
ISO.BruneiDarussalam,!,DHS.Philippines,deduced
ISO.BruneiDarussalam,!,DHS.Qatar,deduced
ISO.BruneiDarussalam,!,DHS.SaudiArabia,deduced
ISO.BruneiDarussalam,!,DHS.Singapore,deduced
ISO.BruneiDarussalam,!,DHS.SouthKorea,deduced
ISO.BruneiDarussalam,!,DHS.SriLanka,deduced
ISO.BruneiDarussalam,!,DHS.Taiwan,deduced
ISO.BruneiDarussalam,!,DHS.Tajikistan,deduced
ISO.BruneiDarussalam,!,DHS.Thailand,deduced
ISO.BruneiDarussalam,!,DHS.Turkey,deduced
ISO.BruneiDarussalam,!,DHS.Turkmenistan,deduced
ISO.BruneiDarussalam,!,DHS.UnitedArabEmirates,deduced
ISO.BruneiDarussalam,!,DHS.Uzbekistan,deduced
ISO.BruneiDarussalam,!,DHS.Vietnam,deduced
ISO.BruneiDarussalam,!,DHS.Yemen,deduced
ISO.Cambodia,!,DHS.Afghanistan,deduced
ISO.Cambodia,!,DHS.Armenia,deduced
ISO.Cambodia,<,DHS.Asia,deduced
ISO.Cambodia,!,DHS.Azerbaijan,deduced
ISO.Cambodia,!,DHS.Bahrain,deduced
ISO.Cambodia,!,DHS.Bangladesh,deduced
ISO.Cambodia,!,DHS.Bhutan,deduced
ISO.Cambodia,!,DHS.Brunei,deduced
ISO.Cambodia,!,DHS.Burma,deduced
ISO.Cambodia,!,DHS.China,deduced
ISO.Cambodia,!,DHS.Cyprus,deduced
ISO.Cambodia,!,DHS.EastTimor,deduced
ISO.Cambodia,!,DHS.Georgia,deduced
ISO.Cambodia,!,DHS.HongKong,deduced
ISO.Cambodia,!,DHS.India,deduced
ISO.Cambodia,!,DHS.Indonesia,deduced
ISO.Cambodia,!,DHS.Iran,deduced
ISO.Cambodia,!,DHS.Iraq,deduced
ISO.Cambodia,!,DHS.Israel,deduced
ISO.Cambodia,!,DHS.Japan,deduced
ISO.Cambodia,!,DHS.Jordan,deduced
ISO.Cambodia,!,DHS.KazakDHStan,deduced
ISO.Cambodia,!,DHS.Kuwait,deduced
ISO.Cambodia,!,DHS.Kyrgyzstan,deduced
ISO.Cambodia,!,DHS.Laos,deduced
ISO.Cambodia,!,DHS.Lebanon,deduced
ISO.Cambodia,!,DHS.Macau,deduced
ISO.Cambodia,!,DHS.Malaysia,deduced
ISO.Cambodia,!,DHS.Maldives,deduced
ISO.Cambodia,!,DHS.Mongolia,deduced
ISO.Cambodia,!,DHS.Nepal,deduced
ISO.Cambodia,!,DHS.NorthKorea,deduced
ISO.Cambodia,!,DHS.Oman,deduced
ISO.Cambodia,!,DHS.Pakistan,deduced
ISO.Cambodia,!,DHS.Philippines,deduced
ISO.Cambodia,!,DHS.Qatar,deduced
ISO.Cambodia,!,DHS.SaudiArabia,deduced
ISO.Cambodia,!,DHS.Singapore,deduced
ISO.Cambodia,!,DHS.SouthKorea,deduced
ISO.Cambodia,!,DHS.SriLanka,deduced
ISO.Cambodia,!,DHS.Taiwan,deduced
ISO.Cambodia,!,DHS.Tajikistan,deduced
ISO.Cambodia,!,DHS.Thailand,deduced
ISO.Cambodia,!,DHS.Turkey,deduced
ISO.Cambodia,!,DHS.Turkmenistan,deduced
ISO.Cambodia,!,DHS.UnitedArabEmirates,deduced
ISO.Cambodia,!,DHS.Uzbekistan,deduced
ISO.Cambodia,!,DHS.Vietnam,deduced
ISO.Cambodia,!,DHS.Yemen,deduced
ISO.China,!,DHS.Afghanistan,deduced
ISO.China,!,DHS.Armenia,deduced
ISO.China,<,DHS.Asia,deduced
ISO.China,!,DHS.Azerbaijan,deduced
ISO.China,!,DHS.Bahrain,deduced
ISO.China,!,DHS.Bangladesh,deduced
ISO.China,!,DHS.Bhutan,deduced
ISO.China,!,DHS.Brunei,deduced
ISO.China,!,DHS.Burma,deduced
ISO.China,!,DHS.Cambodia,deduced
ISO.China,!,DHS.Cyprus,deduced
ISO.China,!,DHS.EastTimor,deduced
ISO.China,!,DHS.Georgia,deduced
ISO.China,>,DHS.HongKong,deduced
ISO.China,!,DHS.India,deduced
ISO.China,!,DHS.Indonesia,deduced
ISO.China,!,DHS.Iran,deduced
ISO.China,!,DHS.Iraq,deduced
ISO.China,!,DHS.Israel,deduced
ISO.China,!,DHS.Japan,deduced
ISO.China,!,DHS.Jordan,deduced
ISO.China,!,DHS.KazakDHStan,deduced
ISO.China,!,DHS.Kuwait,deduced
ISO.China,!,DHS.Kyrgyzstan,deduced
ISO.China,!,DHS.Laos,deduced
ISO.China,!,DHS.Lebanon,deduced
ISO.China,>,DHS.Macau,deduced
ISO.China,!,DHS.Malaysia,deduced
ISO.China,!,DHS.Maldives,deduced
ISO.China,!,DHS.Mongolia,deduced
ISO.China,!,DHS.Nepal,deduced
ISO.China,!,DHS.NorthKorea,deduced
ISO.China,!,DHS.Oman,deduced
ISO.China,!,DHS.Pakistan,deduced
ISO.China,!,DHS.Philippines,deduced
ISO.China,!,DHS.Qatar,deduced
ISO.China,!,DHS.SaudiArabia,deduced
ISO.China,!,DHS.Singapore,deduced
ISO.China,!,DHS.SouthKorea,deduced
ISO.China,!,DHS.SriLanka,deduced
ISO.China,!,DHS.Tajikistan,deduced
ISO.China,!,DHS.Thailand,deduced
ISO.China,!,DHS.Turkey,deduced
ISO.China,!,DHS.Turkmenistan,deduced
ISO.China,!,DHS.UnitedArabEmirates,deduced
ISO.China,!,DHS.Uzbekistan,deduced
ISO.China,!,DHS.Vietnam,deduced
ISO.China,!,DHS.Yemen,deduced
ISO.Cyprus,!,DHS.Afghanistan,deduced
ISO.Cyprus,!,DHS.Armenia,deduced
ISO.Cyprus,<,DHS.Asia,deduced
ISO.Cyprus,!,DHS.Azerbaijan,deduced
ISO.Cyprus,!,DHS.Bahrain,deduced
ISO.Cyprus,!,DHS.Bangladesh,deduced
ISO.Cyprus,!,DHS.Bhutan,deduced
ISO.Cyprus,!,DHS.Brunei,deduced
ISO.Cyprus,!,DHS.Burma,deduced
ISO.Cyprus,!,DHS.Cambodia,deduced
ISO.Cyprus,!,DHS.China,deduced
ISO.Cyprus,!,DHS.EastTimor,deduced
ISO.Cyprus,!,DHS.Georgia,deduced
ISO.Cyprus,!,DHS.HongKong,deduced
ISO.Cyprus,!,DHS.India,deduced
ISO.Cyprus,!,DHS.Indonesia,deduced
ISO.Cyprus,!,DHS.Iran,deduced
ISO.Cyprus,!,DHS.Iraq,deduced
ISO.Cyprus,!,DHS.Israel,deduced
ISO.Cyprus,!,DHS.Japan,deduced
ISO.Cyprus,!,DHS.Jordan,deduced
ISO.Cyprus,!,DHS.KazakDHStan,deduced
ISO.Cyprus,!,DHS.Kuwait,deduced
ISO.Cyprus,!,DHS.Kyrgyzstan,deduced
ISO.Cyprus,!,DHS.Laos,deduced
ISO.Cyprus,!,DHS.Lebanon,deduced
ISO.Cyprus,!,DHS.Macau,deduced
ISO.Cyprus,!,DHS.Malaysia,deduced
ISO.Cyprus,!,DHS.Maldives,deduced
ISO.Cyprus,!,DHS.Mongolia,deduced
ISO.Cyprus,!,DHS.Nepal,deduced
ISO.Cyprus,!,DHS.NorthKorea,deduced
ISO.Cyprus,!,DHS.Oman,deduced
ISO.Cyprus,!,DHS.Pakistan,deduced
ISO.Cyprus,!,DHS.Philippines,deduced
ISO.Cyprus,!,DHS.Qatar,deduced
ISO.Cyprus,!,DHS.SaudiArabia,deduced
ISO.Cyprus,!,DHS.Singapore,deduced
ISO.Cyprus,!,DHS.SouthKorea,deduced
ISO.Cyprus,!,DHS.SriLanka,deduced
ISO.Cyprus,!,DHS.Taiwan,deduced
ISO.Cyprus,!,DHS.Tajikistan,deduced
ISO.Cyprus,!,DHS.Thailand,deduced
ISO.Cyprus,!,DHS.Turkey,deduced
ISO.Cyprus,!,DHS.Turkmenistan,deduced
ISO.Cyprus,!,DHS.UnitedArabEmirates,deduced
ISO.Cyprus,!,DHS.Uzbekistan,deduced
ISO.Cyprus,!,DHS.Vietnam,deduced
ISO.Cyprus,!,DHS.Yemen,deduced
ISO.Georgia,!,DHS.Afghanistan,deduced
ISO.Georgia,!,DHS.Armenia,deduced
ISO.Georgia,<,DHS.Asia,deduced
ISO.Georgia,!,DHS.Azerbaijan,deduced
ISO.Georgia,!,DHS.Bahrain,deduced
ISO.Georgia,!,DHS.Bangladesh,deduced
ISO.Georgia,!,DHS.Bhutan,deduced
ISO.Georgia,!,DHS.Brunei,deduced
ISO.Georgia,!,DHS.Burma,deduced
ISO.Georgia,!,DHS.Cambodia,deduced
ISO.Georgia,!,DHS.China,deduced
ISO.Georgia,!,DHS.Cyprus,deduced
ISO.Georgia,!,DHS.EastTimor,deduced
ISO.Georgia,!,DHS.HongKong,deduced
ISO.Georgia,!,DHS.India,deduced
ISO.Georgia,!,DHS.Indonesia,deduced
ISO.Georgia,!,DHS.Iran,deduced
ISO.Georgia,!,DHS.Iraq,deduced
ISO.Georgia,!,DHS.Israel,deduced
ISO.Georgia,!,DHS.Japan,deduced
ISO.Georgia,!,DHS.Jordan,deduced
ISO.Georgia,!,DHS.KazakDHStan,deduced
ISO.Georgia,!,DHS.Kuwait,deduced
ISO.Georgia,!,DHS.Kyrgyzstan,deduced
ISO.Georgia,!,DHS.Laos,deduced
ISO.Georgia,!,DHS.Lebanon,deduced
ISO.Georgia,!,DHS.Macau,deduced
ISO.Georgia,!,DHS.Malaysia,deduced
ISO.Georgia,!,DHS.Maldives,deduced
ISO.Georgia,!,DHS.Mongolia,deduced
ISO.Georgia,!,DHS.Nepal,deduced
ISO.Georgia,!,DHS.NorthKorea,deduced
ISO.Georgia,!,DHS.Oman,deduced
ISO.Georgia,!,DHS.Pakistan,deduced
ISO.Georgia,!,DHS.Philippines,deduced
ISO.Georgia,!,DHS.Qatar,deduced
ISO.Georgia,!,DHS.SaudiArabia,deduced
ISO.Georgia,!,DHS.Singapore,deduced
ISO.Georgia,!,DHS.SouthKorea,deduced
ISO.Georgia,!,DHS.SriLanka,deduced
ISO.Georgia,!,DHS.Taiwan,deduced
ISO.Georgia,!,DHS.Tajikistan,deduced
ISO.Georgia,!,DHS.Thailand,deduced
ISO.Georgia,!,DHS.Turkey,deduced
ISO.Georgia,!,DHS.Turkmenistan,deduced
ISO.Georgia,!,DHS.UnitedArabEmirates,deduced
ISO.Georgia,!,DHS.Uzbekistan,deduced
ISO.Georgia,!,DHS.Vietnam,deduced
ISO.Georgia,!,DHS.Yemen,deduced
ISO.HongKong,!,DHS.Afghanistan,deduced
ISO.HongKong,!,DHS.Armenia,deduced
ISO.HongKong,<,DHS.Asia,deduced
ISO.HongKong,!,DHS.Azerbaijan,deduced
ISO.HongKong,!,DHS.Bahrain,deduced
ISO.HongKong,!,DHS.Bangladesh,deduced
ISO.HongKong,!,DHS.Bhutan,deduced
ISO.HongKong,!,DHS.Brunei,deduced
ISO.HongKong,!,DHS.Burma,deduced
ISO.HongKong,!,DHS.Cambodia,deduced
ISO.HongKong,!,DHS.China,deduced
ISO.HongKong,!,DHS.Cyprus,deduced
ISO.HongKong,!,DHS.EastTimor,deduced
ISO.HongKong,!,DHS.Georgia,deduced
ISO.HongKong,!,DHS.India,deduced
ISO.HongKong,!,DHS.Indonesia,deduced
ISO.HongKong,!,DHS.Iran,deduced
ISO.HongKong,!,DHS.Iraq,deduced
ISO.HongKong,!,DHS.Israel,deduced
ISO.HongKong,!,DHS.Japan,deduced
ISO.HongKong,!,DHS.Jordan,deduced
ISO.HongKong,!,DHS.KazakDHStan,deduced
ISO.HongKong,!,DHS.Kuwait,deduced
ISO.HongKong,!,DHS.Kyrgyzstan,deduced
ISO.HongKong,!,DHS.Laos,deduced
ISO.HongKong,!,DHS.Lebanon,deduced
ISO.HongKong,!,DHS.Macau,deduced
ISO.HongKong,!,DHS.Malaysia,deduced
ISO.HongKong,!,DHS.Maldives,deduced
ISO.HongKong,!,DHS.Mongolia,deduced
ISO.HongKong,!,DHS.Nepal,deduced
ISO.HongKong,!,DHS.NorthKorea,deduced
ISO.HongKong,!,DHS.Oman,deduced
ISO.HongKong,!,DHS.Pakistan,deduced
ISO.HongKong,!,DHS.Philippines,deduced
ISO.HongKong,!,DHS.Qatar,deduced
ISO.HongKong,!,DHS.SaudiArabia,deduced
ISO.HongKong,!,DHS.Singapore,deduced
ISO.HongKong,!,DHS.SouthKorea,deduced
ISO.HongKong,!,DHS.SriLanka,deduced
ISO.HongKong,!,DHS.Taiwan,deduced
ISO.HongKong,!,DHS.Tajikistan,deduced
ISO.HongKong,!,DHS.Thailand,deduced
ISO.HongKong,!,DHS.Turkey,deduced
ISO.HongKong,!,DHS.Turkmenistan,deduced
ISO.HongKong,!,DHS.UnitedArabEmirates,deduced
ISO.HongKong,!,DHS.Uzbekistan,deduced
ISO.HongKong,!,DHS.Vietnam,deduced
ISO.HongKong,!,DHS.Yemen,deduced
ISO.India,!,DHS.Afghanistan,deduced
ISO.India,!,DHS.Armenia,deduced
ISO.India,<,DHS.Asia,deduced
ISO.India,!,DHS.Azerbaijan,deduced
ISO.India,!,DHS.Bahrain,deduced
ISO.India,!,DHS.Bangladesh,deduced
ISO.India,!,DHS.Bhutan,deduced
ISO.India,!,DHS.Brunei,deduced
ISO.India,!,DHS.Burma,deduced
ISO.India,!,DHS.Cambodia,deduced
ISO.India,!,DHS.China,deduced
ISO.India,!,DHS.Cyprus,deduced
ISO.India,!,DHS.EastTimor,deduced
ISO.India,!,DHS.Georgia,deduced
ISO.India,!,DHS.HongKong,deduced
ISO.India,!,DHS.Indonesia,deduced
ISO.India,!,DHS.Iran,deduced
ISO.India,!,DHS.Iraq,deduced
ISO.India,!,DHS.Israel,deduced
ISO.India,!,DHS.Japan,deduced
ISO.India,!,DHS.Jordan,deduced
ISO.India,!,DHS.KazakDHStan,deduced
ISO.India,!,DHS.Kuwait,deduced
ISO.India,!,DHS.Kyrgyzstan,deduced
ISO.India,!,DHS.Laos,deduced
ISO.India,!,DHS.Lebanon,deduced
ISO.India,!,DHS.Macau,deduced
ISO.India,!,DHS.Malaysia,deduced
ISO.India,!,DHS.Maldives,deduced
ISO.India,!,DHS.Mongolia,deduced
ISO.India,!,DHS.Nepal,deduced
ISO.India,!,DHS.NorthKorea,deduced
ISO.India,!,DHS.Oman,deduced
ISO.India,!,DHS.Pakistan,deduced
ISO.India,!,DHS.Philippines,deduced
ISO.India,!,DHS.Qatar,deduced
ISO.India,!,DHS.SaudiArabia,deduced
ISO.India,!,DHS.Singapore,deduced
ISO.India,!,DHS.SouthKorea,deduced
ISO.India,!,DHS.SriLanka,deduced
ISO.India,!,DHS.Taiwan,deduced
ISO.India,!,DHS.Tajikistan,deduced
ISO.India,!,DHS.Thailand,deduced
ISO.India,!,DHS.Turkey,deduced
ISO.India,!,DHS.Turkmenistan,deduced
ISO.India,!,DHS.UnitedArabEmirates,deduced
ISO.India,!,DHS.Uzbekistan,deduced
ISO.India,!,DHS.Vietnam,deduced
ISO.India,!,DHS.Yemen,deduced
ISO.Indonesia,!,DHS.Afghanistan,deduced
ISO.Indonesia,!,DHS.Armenia,deduced
ISO.Indonesia,<,DHS.Asia,deduced
ISO.Indonesia,!,DHS.Azerbaijan,deduced
ISO.Indonesia,!,DHS.Bahrain,deduced
ISO.Indonesia,!,DHS.Bangladesh,deduced
ISO.Indonesia,!,DHS.Bhutan,deduced
ISO.Indonesia,!,DHS.Brunei,deduced
ISO.Indonesia,!,DHS.Burma,deduced
ISO.Indonesia,!,DHS.Cambodia,deduced
ISO.Indonesia,!,DHS.China,deduced
ISO.Indonesia,!,DHS.Cyprus,deduced
ISO.Indonesia,!,DHS.EastTimor,deduced
ISO.Indonesia,!,DHS.Georgia,deduced
ISO.Indonesia,!,DHS.HongKong,deduced
ISO.Indonesia,!,DHS.India,deduced
ISO.Indonesia,!,DHS.Iran,deduced
ISO.Indonesia,!,DHS.Iraq,deduced
ISO.Indonesia,!,DHS.Israel,deduced
ISO.Indonesia,!,DHS.Japan,deduced
ISO.Indonesia,!,DHS.Jordan,deduced
ISO.Indonesia,!,DHS.KazakDHStan,deduced
ISO.Indonesia,!,DHS.Kuwait,deduced
ISO.Indonesia,!,DHS.Kyrgyzstan,deduced
ISO.Indonesia,!,DHS.Laos,deduced
ISO.Indonesia,!,DHS.Lebanon,deduced
ISO.Indonesia,!,DHS.Macau,deduced
ISO.Indonesia,!,DHS.Malaysia,deduced
ISO.Indonesia,!,DHS.Maldives,deduced
ISO.Indonesia,!,DHS.Mongolia,deduced
ISO.Indonesia,!,DHS.Nepal,deduced
ISO.Indonesia,!,DHS.NorthKorea,deduced
ISO.Indonesia,!,DHS.Oman,deduced
ISO.Indonesia,!,DHS.Pakistan,deduced
ISO.Indonesia,!,DHS.Philippines,deduced
ISO.Indonesia,!,DHS.Qatar,deduced
ISO.Indonesia,!,DHS.SaudiArabia,deduced
ISO.Indonesia,!,DHS.Singapore,deduced
ISO.Indonesia,!,DHS.SouthKorea,deduced
ISO.Indonesia,!,DHS.SriLanka,deduced
ISO.Indonesia,!,DHS.Taiwan,deduced
ISO.Indonesia,!,DHS.Tajikistan,deduced
ISO.Indonesia,!,DHS.Thailand,deduced
ISO.Indonesia,!,DHS.Turkey,deduced
ISO.Indonesia,!,DHS.Turkmenistan,deduced
ISO.Indonesia,!,DHS.UnitedArabEmirates,deduced
ISO.Indonesia,!,DHS.Uzbekistan,deduced
ISO.Indonesia,!,DHS.Vietnam,deduced
ISO.Indonesia,!,DHS.Yemen,deduced
ISO.IranIslamicRepublicof,!,DHS.Afghanistan,deduced
ISO.IranIslamicRepublicof,!,DHS.Armenia,deduced
ISO.IranIslamicRepublicof,<,DHS.Asia,deduced
ISO.IranIslamicRepublicof,!,DHS.Azerbaijan,deduced
ISO.IranIslamicRepublicof,!,DHS.Bahrain,deduced
ISO.IranIslamicRepublicof,!,DHS.Bangladesh,deduced
ISO.IranIslamicRepublicof,!,DHS.Bhutan,deduced
ISO.IranIslamicRepublicof,!,DHS.Brunei,deduced
ISO.IranIslamicRepublicof,!,DHS.Burma,deduced
ISO.IranIslamicRepublicof,!,DHS.Cambodia,deduced
ISO.IranIslamicRepublicof,!,DHS.China,deduced
ISO.IranIslamicRepublicof,!,DHS.Cyprus,deduced
ISO.IranIslamicRepublicof,!,DHS.EastTimor,deduced
ISO.IranIslamicRepublicof,!,DHS.Georgia,deduced
ISO.IranIslamicRepublicof,!,DHS.HongKong,deduced
ISO.IranIslamicRepublicof,!,DHS.India,deduced
ISO.IranIslamicRepublicof,!,DHS.Indonesia,deduced
ISO.IranIslamicRepublicof,!,DHS.Iraq,deduced
ISO.IranIslamicRepublicof,!,DHS.Israel,deduced
ISO.IranIslamicRepublicof,!,DHS.Japan,deduced
ISO.IranIslamicRepublicof,!,DHS.Jordan,deduced
ISO.IranIslamicRepublicof,!,DHS.KazakDHStan,deduced
ISO.IranIslamicRepublicof,!,DHS.Kuwait,deduced
ISO.IranIslamicRepublicof,!,DHS.Kyrgyzstan,deduced
ISO.IranIslamicRepublicof,!,DHS.Laos,deduced
ISO.IranIslamicRepublicof,!,DHS.Lebanon,deduced
ISO.IranIslamicRepublicof,!,DHS.Macau,deduced
ISO.IranIslamicRepublicof,!,DHS.Malaysia,deduced
ISO.IranIslamicRepublicof,!,DHS.Maldives,deduced
ISO.IranIslamicRepublicof,!,DHS.Mongolia,deduced
ISO.IranIslamicRepublicof,!,DHS.Nepal,deduced
ISO.IranIslamicRepublicof,!,DHS.NorthKorea,deduced
ISO.IranIslamicRepublicof,!,DHS.Oman,deduced
ISO.IranIslamicRepublicof,!,DHS.Pakistan,deduced
ISO.IranIslamicRepublicof,!,DHS.Philippines,deduced
ISO.IranIslamicRepublicof,!,DHS.Qatar,deduced
ISO.IranIslamicRepublicof,!,DHS.SaudiArabia,deduced
ISO.IranIslamicRepublicof,!,DHS.Singapore,deduced
ISO.IranIslamicRepublicof,!,DHS.SouthKorea,deduced
ISO.IranIslamicRepublicof,!,DHS.SriLanka,deduced
ISO.IranIslamicRepublicof,!,DHS.Taiwan,deduced
ISO.IranIslamicRepublicof,!,DHS.Tajikistan,deduced
ISO.IranIslamicRepublicof,!,DHS.Thailand,deduced
ISO.IranIslamicRepublicof,!,DHS.Turkey,deduced
ISO.IranIslamicRepublicof,!,DHS.Turkmenistan,deduced
ISO.IranIslamicRepublicof,!,DHS.UnitedArabEmirates,deduced
ISO.IranIslamicRepublicof,!,DHS.Uzbekistan,deduced
ISO.IranIslamicRepublicof,!,DHS.Vietnam,deduced
ISO.IranIslamicRepublicof,!,DHS.Yemen,deduced
ISO.Iraq,!,DHS.Afghanistan,deduced
ISO.Iraq,!,DHS.Armenia,deduced
ISO.Iraq,<,DHS.Asia,deduced
ISO.Iraq,!,DHS.Azerbaijan,deduced
ISO.Iraq,!,DHS.Bahrain,deduced
ISO.Iraq,!,DHS.Bangladesh,deduced
ISO.Iraq,!,DHS.Bhutan,deduced
ISO.Iraq,!,DHS.Brunei,deduced
ISO.Iraq,!,DHS.Burma,deduced
ISO.Iraq,!,DHS.Cambodia,deduced
ISO.Iraq,!,DHS.China,deduced
ISO.Iraq,!,DHS.Cyprus,deduced
ISO.Iraq,!,DHS.EastTimor,deduced
ISO.Iraq,!,DHS.Georgia,deduced
ISO.Iraq,!,DHS.HongKong,deduced
ISO.Iraq,!,DHS.India,deduced
ISO.Iraq,!,DHS.Indonesia,deduced
ISO.Iraq,!,DHS.Iran,deduced
ISO.Iraq,!,DHS.Israel,deduced
ISO.Iraq,!,DHS.Japan,deduced
ISO.Iraq,!,DHS.Jordan,deduced
ISO.Iraq,!,DHS.KazakDHStan,deduced
ISO.Iraq,!,DHS.Kuwait,deduced
ISO.Iraq,!,DHS.Kyrgyzstan,deduced
ISO.Iraq,!,DHS.Laos,deduced
ISO.Iraq,!,DHS.Lebanon,deduced
ISO.Iraq,!,DHS.Macau,deduced
ISO.Iraq,!,DHS.Malaysia,deduced
ISO.Iraq,!,DHS.Maldives,deduced
ISO.Iraq,!,DHS.Mongolia,deduced
ISO.Iraq,!,DHS.Nepal,deduced
ISO.Iraq,!,DHS.NorthKorea,deduced
ISO.Iraq,!,DHS.Oman,deduced
ISO.Iraq,!,DHS.Pakistan,deduced
ISO.Iraq,!,DHS.Philippines,deduced
ISO.Iraq,!,DHS.Qatar,deduced
ISO.Iraq,!,DHS.SaudiArabia,deduced
ISO.Iraq,!,DHS.Singapore,deduced
ISO.Iraq,!,DHS.SouthKorea,deduced
ISO.Iraq,!,DHS.SriLanka,deduced
ISO.Iraq,!,DHS.Taiwan,deduced
ISO.Iraq,!,DHS.Tajikistan,deduced
ISO.Iraq,!,DHS.Thailand,deduced
ISO.Iraq,!,DHS.Turkey,deduced
ISO.Iraq,!,DHS.Turkmenistan,deduced
ISO.Iraq,!,DHS.UnitedArabEmirates,deduced
ISO.Iraq,!,DHS.Uzbekistan,deduced
ISO.Iraq,!,DHS.Vietnam,deduced
ISO.Iraq,!,DHS.Yemen,deduced
ISO.Israel,!,DHS.Afghanistan,deduced
ISO.Israel,!,DHS.Armenia,deduced
ISO.Israel,<,DHS.Asia,deduced
ISO.Israel,!,DHS.Azerbaijan,deduced
ISO.Israel,!,DHS.Bahrain,deduced
ISO.Israel,!,DHS.Bangladesh,deduced
ISO.Israel,!,DHS.Bhutan,deduced
ISO.Israel,!,DHS.Brunei,deduced
ISO.Israel,!,DHS.Burma,deduced
ISO.Israel,!,DHS.Cambodia,deduced
ISO.Israel,!,DHS.China,deduced
ISO.Israel,!,DHS.Cyprus,deduced
ISO.Israel,!,DHS.EastTimor,deduced
ISO.Israel,!,DHS.Georgia,deduced
ISO.Israel,!,DHS.HongKong,deduced
ISO.Israel,!,DHS.India,deduced
ISO.Israel,!,DHS.Indonesia,deduced
ISO.Israel,!,DHS.Iran,deduced
ISO.Israel,!,DHS.Iraq,deduced
ISO.Israel,!,DHS.Japan,deduced
ISO.Israel,!,DHS.Jordan,deduced
ISO.Israel,!,DHS.KazakDHStan,deduced
ISO.Israel,!,DHS.Kuwait,deduced
ISO.Israel,!,DHS.Kyrgyzstan,deduced
ISO.Israel,!,DHS.Laos,deduced
ISO.Israel,!,DHS.Lebanon,deduced
ISO.Israel,!,DHS.Macau,deduced
ISO.Israel,!,DHS.Malaysia,deduced
ISO.Israel,!,DHS.Maldives,deduced
ISO.Israel,!,DHS.Mongolia,deduced
ISO.Israel,!,DHS.Nepal,deduced
ISO.Israel,!,DHS.NorthKorea,deduced
ISO.Israel,!,DHS.Oman,deduced
ISO.Israel,!,DHS.Pakistan,deduced
ISO.Israel,!,DHS.Philippines,deduced
ISO.Israel,!,DHS.Qatar,deduced
ISO.Israel,!,DHS.SaudiArabia,deduced
ISO.Israel,!,DHS.Singapore,deduced
ISO.Israel,!,DHS.SouthKorea,deduced
ISO.Israel,!,DHS.SriLanka,deduced
ISO.Israel,!,DHS.Taiwan,deduced
ISO.Israel,!,DHS.Tajikistan,deduced
ISO.Israel,!,DHS.Thailand,deduced
ISO.Israel,!,DHS.Turkey,deduced
ISO.Israel,!,DHS.Turkmenistan,deduced
ISO.Israel,!,DHS.UnitedArabEmirates,deduced
ISO.Israel,!,DHS.Uzbekistan,deduced
ISO.Israel,!,DHS.Vietnam,deduced
ISO.Israel,!,DHS.Yemen,deduced
ISO.Japan,!,DHS.Afghanistan,deduced
ISO.Japan,!,DHS.Armenia,deduced
ISO.Japan,<,DHS.Asia,deduced
ISO.Japan,!,DHS.Azerbaijan,deduced
ISO.Japan,!,DHS.Bahrain,deduced
ISO.Japan,!,DHS.Bangladesh,deduced
ISO.Japan,!,DHS.Bhutan,deduced
ISO.Japan,!,DHS.Brunei,deduced
ISO.Japan,!,DHS.Burma,deduced
ISO.Japan,!,DHS.Cambodia,deduced
ISO.Japan,!,DHS.China,deduced
ISO.Japan,!,DHS.Cyprus,deduced
ISO.Japan,!,DHS.EastTimor,deduced
ISO.Japan,!,DHS.Georgia,deduced
ISO.Japan,!,DHS.HongKong,deduced
ISO.Japan,!,DHS.India,deduced
ISO.Japan,!,DHS.Indonesia,deduced
ISO.Japan,!,DHS.Iran,deduced
ISO.Japan,!,DHS.Iraq,deduced
ISO.Japan,!,DHS.Israel,deduced
ISO.Japan,!,DHS.Jordan,deduced
ISO.Japan,!,DHS.KazakDHStan,deduced
ISO.Japan,!,DHS.Kuwait,deduced
ISO.Japan,!,DHS.Kyrgyzstan,deduced
ISO.Japan,!,DHS.Laos,deduced
ISO.Japan,!,DHS.Lebanon,deduced
ISO.Japan,!,DHS.Macau,deduced
ISO.Japan,!,DHS.Malaysia,deduced
ISO.Japan,!,DHS.Maldives,deduced
ISO.Japan,!,DHS.Mongolia,deduced
ISO.Japan,!,DHS.Nepal,deduced
ISO.Japan,!,DHS.NorthKorea,deduced
ISO.Japan,!,DHS.Oman,deduced
ISO.Japan,!,DHS.Pakistan,deduced
ISO.Japan,!,DHS.Philippines,deduced
ISO.Japan,!,DHS.Qatar,deduced
ISO.Japan,!,DHS.SaudiArabia,deduced
ISO.Japan,!,DHS.Singapore,deduced
ISO.Japan,!,DHS.SouthKorea,deduced
ISO.Japan,!,DHS.SriLanka,deduced
ISO.Japan,!,DHS.Taiwan,deduced
ISO.Japan,!,DHS.Tajikistan,deduced
ISO.Japan,!,DHS.Thailand,deduced
ISO.Japan,!,DHS.Turkey,deduced
ISO.Japan,!,DHS.Turkmenistan,deduced
ISO.Japan,!,DHS.UnitedArabEmirates,deduced
ISO.Japan,!,DHS.Uzbekistan,deduced
ISO.Japan,!,DHS.Vietnam,deduced
ISO.Japan,!,DHS.Yemen,deduced
ISO.Jordan,!,DHS.Afghanistan,deduced
ISO.Jordan,!,DHS.Armenia,deduced
ISO.Jordan,<,DHS.Asia,deduced
ISO.Jordan,!,DHS.Azerbaijan,deduced
ISO.Jordan,!,DHS.Bahrain,deduced
ISO.Jordan,!,DHS.Bangladesh,deduced
ISO.Jordan,!,DHS.Bhutan,deduced
ISO.Jordan,!,DHS.Brunei,deduced
ISO.Jordan,!,DHS.Burma,deduced
ISO.Jordan,!,DHS.Cambodia,deduced
ISO.Jordan,!,DHS.China,deduced
ISO.Jordan,!,DHS.Cyprus,deduced
ISO.Jordan,!,DHS.EastTimor,deduced
ISO.Jordan,!,DHS.Georgia,deduced
ISO.Jordan,!,DHS.HongKong,deduced
ISO.Jordan,!,DHS.India,deduced
ISO.Jordan,!,DHS.Indonesia,deduced
ISO.Jordan,!,DHS.Iran,deduced
ISO.Jordan,!,DHS.Iraq,deduced
ISO.Jordan,!,DHS.Israel,deduced
ISO.Jordan,!,DHS.Japan,deduced
ISO.Jordan,!,DHS.KazakDHStan,deduced
ISO.Jordan,!,DHS.Kuwait,deduced
ISO.Jordan,!,DHS.Kyrgyzstan,deduced
ISO.Jordan,!,DHS.Laos,deduced
ISO.Jordan,!,DHS.Lebanon,deduced
ISO.Jordan,!,DHS.Macau,deduced
ISO.Jordan,!,DHS.Malaysia,deduced
ISO.Jordan,!,DHS.Maldives,deduced
ISO.Jordan,!,DHS.Mongolia,deduced
ISO.Jordan,!,DHS.Nepal,deduced
ISO.Jordan,!,DHS.NorthKorea,deduced
ISO.Jordan,!,DHS.Oman,deduced
ISO.Jordan,!,DHS.Pakistan,deduced
ISO.Jordan,!,DHS.Philippines,deduced
ISO.Jordan,!,DHS.Qatar,deduced
ISO.Jordan,!,DHS.SaudiArabia,deduced
ISO.Jordan,!,DHS.Singapore,deduced
ISO.Jordan,!,DHS.SouthKorea,deduced
ISO.Jordan,!,DHS.SriLanka,deduced
ISO.Jordan,!,DHS.Taiwan,deduced
ISO.Jordan,!,DHS.Tajikistan,deduced
ISO.Jordan,!,DHS.Thailand,deduced
ISO.Jordan,!,DHS.Turkey,deduced
ISO.Jordan,!,DHS.Turkmenistan,deduced
ISO.Jordan,!,DHS.UnitedArabEmirates,deduced
ISO.Jordan,!,DHS.Uzbekistan,deduced
ISO.Jordan,!,DHS.Vietnam,deduced
ISO.Jordan,!,DHS.Yemen,deduced
ISO.KazakDHStan,!,DHS.Afghanistan,deduced
ISO.KazakDHStan,!,DHS.Armenia,deduced
ISO.KazakDHStan,<,DHS.Asia,deduced
ISO.KazakDHStan,!,DHS.Azerbaijan,deduced
ISO.KazakDHStan,!,DHS.Bahrain,deduced
ISO.KazakDHStan,!,DHS.Bangladesh,deduced
ISO.KazakDHStan,!,DHS.Bhutan,deduced
ISO.KazakDHStan,!,DHS.Brunei,deduced
ISO.KazakDHStan,!,DHS.Burma,deduced
ISO.KazakDHStan,!,DHS.Cambodia,deduced
ISO.KazakDHStan,!,DHS.China,deduced
ISO.KazakDHStan,!,DHS.Cyprus,deduced
ISO.KazakDHStan,!,DHS.EastTimor,deduced
ISO.KazakDHStan,!,DHS.Georgia,deduced
ISO.KazakDHStan,!,DHS.HongKong,deduced
ISO.KazakDHStan,!,DHS.India,deduced
ISO.KazakDHStan,!,DHS.Indonesia,deduced
ISO.KazakDHStan,!,DHS.Iran,deduced
ISO.KazakDHStan,!,DHS.Iraq,deduced
ISO.KazakDHStan,!,DHS.Israel,deduced
ISO.KazakDHStan,!,DHS.Japan,deduced
ISO.KazakDHStan,!,DHS.Jordan,deduced
ISO.KazakDHStan,!,DHS.Kuwait,deduced
ISO.KazakDHStan,!,DHS.Kyrgyzstan,deduced
ISO.KazakDHStan,!,DHS.Laos,deduced
ISO.KazakDHStan,!,DHS.Lebanon,deduced
ISO.KazakDHStan,!,DHS.Macau,deduced
ISO.KazakDHStan,!,DHS.Malaysia,deduced
ISO.KazakDHStan,!,DHS.Maldives,deduced
ISO.KazakDHStan,!,DHS.Mongolia,deduced
ISO.KazakDHStan,!,DHS.Nepal,deduced
ISO.KazakDHStan,!,DHS.NorthKorea,deduced
ISO.KazakDHStan,!,DHS.Oman,deduced
ISO.KazakDHStan,!,DHS.Pakistan,deduced
ISO.KazakDHStan,!,DHS.Philippines,deduced
ISO.KazakDHStan,!,DHS.Qatar,deduced
ISO.KazakDHStan,!,DHS.SaudiArabia,deduced
ISO.KazakDHStan,!,DHS.Singapore,deduced
ISO.KazakDHStan,!,DHS.SouthKorea,deduced
ISO.KazakDHStan,!,DHS.SriLanka,deduced
ISO.KazakDHStan,!,DHS.Taiwan,deduced
ISO.KazakDHStan,!,DHS.Tajikistan,deduced
ISO.KazakDHStan,!,DHS.Thailand,deduced
ISO.KazakDHStan,!,DHS.Turkey,deduced
ISO.KazakDHStan,!,DHS.Turkmenistan,deduced
ISO.KazakDHStan,!,DHS.UnitedArabEmirates,deduced
ISO.KazakDHStan,!,DHS.Uzbekistan,deduced
ISO.KazakDHStan,!,DHS.Vietnam,deduced
ISO.KazakDHStan,!,DHS.Yemen,deduced
ISO.KoreaDemocraticPeoplesRepublicof,!,DHS.Afghanistan,deduced
ISO.KoreaDemocraticPeoplesRepublicof,!,DHS.Armenia,deduced
ISO.KoreaDemocraticPeoplesRepublicof,<,DHS.Asia,deduced
ISO.KoreaDemocraticPeoplesRepublicof,!,DHS.Azerbaijan,deduced
ISO.KoreaDemocraticPeoplesRepublicof,!,DHS.Bahrain,deduced
ISO.KoreaDemocraticPeoplesRepublicof,!,DHS.Bangladesh,deduced
ISO.KoreaDemocraticPeoplesRepublicof,!,DHS.Bhutan,deduced
ISO.KoreaDemocraticPeoplesRepublicof,!,DHS.Brunei,deduced
ISO.KoreaDemocraticPeoplesRepublicof,!,DHS.Burma,deduced
ISO.KoreaDemocraticPeoplesRepublicof,!,DHS.Cambodia,deduced
ISO.KoreaDemocraticPeoplesRepublicof,!,DHS.China,deduced
ISO.KoreaDemocraticPeoplesRepublicof,!,DHS.Cyprus,deduced
ISO.KoreaDemocraticPeoplesRepublicof,!,DHS.EastTimor,deduced
ISO.KoreaDemocraticPeoplesRepublicof,!,DHS.Georgia,deduced
ISO.KoreaDemocraticPeoplesRepublicof,!,DHS.HongKong,deduced
ISO.KoreaDemocraticPeoplesRepublicof,!,DHS.India,deduced
ISO.KoreaDemocraticPeoplesRepublicof,!,DHS.Indonesia,deduced
ISO.KoreaDemocraticPeoplesRepublicof,!,DHS.Iran,deduced
ISO.KoreaDemocraticPeoplesRepublicof,!,DHS.Iraq,deduced
ISO.KoreaDemocraticPeoplesRepublicof,!,DHS.Israel,deduced
ISO.KoreaDemocraticPeoplesRepublicof,!,DHS.Japan,deduced
ISO.KoreaDemocraticPeoplesRepublicof,!,DHS.Jordan,deduced
ISO.KoreaDemocraticPeoplesRepublicof,!,DHS.KazakDHStan,deduced
ISO.KoreaDemocraticPeoplesRepublicof,!,DHS.Kuwait,deduced
ISO.KoreaDemocraticPeoplesRepublicof,!,DHS.Kyrgyzstan,deduced
ISO.KoreaDemocraticPeoplesRepublicof,!,DHS.Laos,deduced
ISO.KoreaDemocraticPeoplesRepublicof,!,DHS.Lebanon,deduced
ISO.KoreaDemocraticPeoplesRepublicof,!,DHS.Macau,deduced
ISO.KoreaDemocraticPeoplesRepublicof,!,DHS.Malaysia,deduced
ISO.KoreaDemocraticPeoplesRepublicof,!,DHS.Maldives,deduced
ISO.KoreaDemocraticPeoplesRepublicof,!,DHS.Mongolia,deduced
ISO.KoreaDemocraticPeoplesRepublicof,!,DHS.Nepal,deduced
ISO.KoreaDemocraticPeoplesRepublicof,!,DHS.Oman,deduced
ISO.KoreaDemocraticPeoplesRepublicof,!,DHS.Pakistan,deduced
ISO.KoreaDemocraticPeoplesRepublicof,!,DHS.Philippines,deduced
ISO.KoreaDemocraticPeoplesRepublicof,!,DHS.Qatar,deduced
ISO.KoreaDemocraticPeoplesRepublicof,!,DHS.SaudiArabia,deduced
ISO.KoreaDemocraticPeoplesRepublicof,!,DHS.Singapore,deduced
ISO.KoreaDemocraticPeoplesRepublicof,!,DHS.SouthKorea,deduced
ISO.KoreaDemocraticPeoplesRepublicof,!,DHS.SriLanka,deduced
ISO.KoreaDemocraticPeoplesRepublicof,!,DHS.Taiwan,deduced
ISO.KoreaDemocraticPeoplesRepublicof,!,DHS.Tajikistan,deduced
ISO.KoreaDemocraticPeoplesRepublicof,!,DHS.Thailand,deduced
ISO.KoreaDemocraticPeoplesRepublicof,!,DHS.Turkey,deduced
ISO.KoreaDemocraticPeoplesRepublicof,!,DHS.Turkmenistan,deduced
ISO.KoreaDemocraticPeoplesRepublicof,!,DHS.UnitedArabEmirates,deduced
ISO.KoreaDemocraticPeoplesRepublicof,!,DHS.Uzbekistan,deduced
ISO.KoreaDemocraticPeoplesRepublicof,!,DHS.Vietnam,deduced
ISO.KoreaDemocraticPeoplesRepublicof,!,DHS.Yemen,deduced
ISO.KoreaRepublicof,!,DHS.Afghanistan,deduced
ISO.KoreaRepublicof,!,DHS.Armenia,deduced
ISO.KoreaRepublicof,<,DHS.Asia,deduced
ISO.KoreaRepublicof,!,DHS.Azerbaijan,deduced
ISO.KoreaRepublicof,!,DHS.Bahrain,deduced
ISO.KoreaRepublicof,!,DHS.Bangladesh,deduced
ISO.KoreaRepublicof,!,DHS.Bhutan,deduced
ISO.KoreaRepublicof,!,DHS.Brunei,deduced
ISO.KoreaRepublicof,!,DHS.Burma,deduced
ISO.KoreaRepublicof,!,DHS.Cambodia,deduced
ISO.KoreaRepublicof,!,DHS.China,deduced
ISO.KoreaRepublicof,!,DHS.Cyprus,deduced
ISO.KoreaRepublicof,!,DHS.EastTimor,deduced
ISO.KoreaRepublicof,!,DHS.Georgia,deduced
ISO.KoreaRepublicof,!,DHS.HongKong,deduced
ISO.KoreaRepublicof,!,DHS.India,deduced
ISO.KoreaRepublicof,!,DHS.Indonesia,deduced
ISO.KoreaRepublicof,!,DHS.Iran,deduced
ISO.KoreaRepublicof,!,DHS.Iraq,deduced
ISO.KoreaRepublicof,!,DHS.Israel,deduced
ISO.KoreaRepublicof,!,DHS.Japan,deduced
ISO.KoreaRepublicof,!,DHS.Jordan,deduced
ISO.KoreaRepublicof,!,DHS.KazakDHStan,deduced
ISO.KoreaRepublicof,!,DHS.Kuwait,deduced
ISO.KoreaRepublicof,!,DHS.Kyrgyzstan,deduced
ISO.KoreaRepublicof,!,DHS.Laos,deduced
ISO.KoreaRepublicof,!,DHS.Lebanon,deduced
ISO.KoreaRepublicof,!,DHS.Macau,deduced
ISO.KoreaRepublicof,!,DHS.Malaysia,deduced
ISO.KoreaRepublicof,!,DHS.Maldives,deduced
ISO.KoreaRepublicof,!,DHS.Mongolia,deduced
ISO.KoreaRepublicof,!,DHS.Nepal,deduced
ISO.KoreaRepublicof,!,DHS.NorthKorea,deduced
ISO.KoreaRepublicof,!,DHS.Oman,deduced
ISO.KoreaRepublicof,!,DHS.Pakistan,deduced
ISO.KoreaRepublicof,!,DHS.Philippines,deduced
ISO.KoreaRepublicof,!,DHS.Qatar,deduced
ISO.KoreaRepublicof,!,DHS.SaudiArabia,deduced
ISO.KoreaRepublicof,!,DHS.Singapore,deduced
ISO.KoreaRepublicof,!,DHS.SriLanka,deduced
ISO.KoreaRepublicof,!,DHS.Taiwan,deduced
ISO.KoreaRepublicof,!,DHS.Tajikistan,deduced
ISO.KoreaRepublicof,!,DHS.Thailand,deduced
ISO.KoreaRepublicof,!,DHS.Turkey,deduced
ISO.KoreaRepublicof,!,DHS.Turkmenistan,deduced
ISO.KoreaRepublicof,!,DHS.UnitedArabEmirates,deduced
ISO.KoreaRepublicof,!,DHS.Uzbekistan,deduced
ISO.KoreaRepublicof,!,DHS.Vietnam,deduced
ISO.KoreaRepublicof,!,DHS.Yemen,deduced
ISO.Kuwait,!,DHS.Afghanistan,deduced
ISO.Kuwait,!,DHS.Armenia,deduced
ISO.Kuwait,<,DHS.Asia,deduced
ISO.Kuwait,!,DHS.Azerbaijan,deduced
ISO.Kuwait,!,DHS.Bahrain,deduced
ISO.Kuwait,!,DHS.Bangladesh,deduced
ISO.Kuwait,!,DHS.Bhutan,deduced
ISO.Kuwait,!,DHS.Brunei,deduced
ISO.Kuwait,!,DHS.Burma,deduced
ISO.Kuwait,!,DHS.Cambodia,deduced
ISO.Kuwait,!,DHS.China,deduced
ISO.Kuwait,!,DHS.Cyprus,deduced
ISO.Kuwait,!,DHS.EastTimor,deduced
ISO.Kuwait,!,DHS.Georgia,deduced
ISO.Kuwait,!,DHS.HongKong,deduced
ISO.Kuwait,!,DHS.India,deduced
ISO.Kuwait,!,DHS.Indonesia,deduced
ISO.Kuwait,!,DHS.Iran,deduced
ISO.Kuwait,!,DHS.Iraq,deduced
ISO.Kuwait,!,DHS.Israel,deduced
ISO.Kuwait,!,DHS.Japan,deduced
ISO.Kuwait,!,DHS.Jordan,deduced
ISO.Kuwait,!,DHS.KazakDHStan,deduced
ISO.Kuwait,!,DHS.Kyrgyzstan,deduced
ISO.Kuwait,!,DHS.Laos,deduced
ISO.Kuwait,!,DHS.Lebanon,deduced
ISO.Kuwait,!,DHS.Macau,deduced
ISO.Kuwait,!,DHS.Malaysia,deduced
ISO.Kuwait,!,DHS.Maldives,deduced
ISO.Kuwait,!,DHS.Mongolia,deduced
ISO.Kuwait,!,DHS.Nepal,deduced
ISO.Kuwait,!,DHS.NorthKorea,deduced
ISO.Kuwait,!,DHS.Oman,deduced
ISO.Kuwait,!,DHS.Pakistan,deduced
ISO.Kuwait,!,DHS.Philippines,deduced
ISO.Kuwait,!,DHS.Qatar,deduced
ISO.Kuwait,!,DHS.SaudiArabia,deduced
ISO.Kuwait,!,DHS.Singapore,deduced
ISO.Kuwait,!,DHS.SouthKorea,deduced
ISO.Kuwait,!,DHS.SriLanka,deduced
ISO.Kuwait,!,DHS.Taiwan,deduced
ISO.Kuwait,!,DHS.Tajikistan,deduced
ISO.Kuwait,!,DHS.Thailand,deduced
ISO.Kuwait,!,DHS.Turkey,deduced
ISO.Kuwait,!,DHS.Turkmenistan,deduced
ISO.Kuwait,!,DHS.UnitedArabEmirates,deduced
ISO.Kuwait,!,DHS.Uzbekistan,deduced
ISO.Kuwait,!,DHS.Vietnam,deduced
ISO.Kuwait,!,DHS.Yemen,deduced
ISO.Kyrgyzstan,!,DHS.Afghanistan,deduced
ISO.Kyrgyzstan,!,DHS.Armenia,deduced
ISO.Kyrgyzstan,<,DHS.Asia,deduced
ISO.Kyrgyzstan,!,DHS.Azerbaijan,deduced
ISO.Kyrgyzstan,!,DHS.Bahrain,deduced
ISO.Kyrgyzstan,!,DHS.Bangladesh,deduced
ISO.Kyrgyzstan,!,DHS.Bhutan,deduced
ISO.Kyrgyzstan,!,DHS.Brunei,deduced
ISO.Kyrgyzstan,!,DHS.Burma,deduced
ISO.Kyrgyzstan,!,DHS.Cambodia,deduced
ISO.Kyrgyzstan,!,DHS.China,deduced
ISO.Kyrgyzstan,!,DHS.Cyprus,deduced
ISO.Kyrgyzstan,!,DHS.EastTimor,deduced
ISO.Kyrgyzstan,!,DHS.Georgia,deduced
ISO.Kyrgyzstan,!,DHS.HongKong,deduced
ISO.Kyrgyzstan,!,DHS.India,deduced
ISO.Kyrgyzstan,!,DHS.Indonesia,deduced
ISO.Kyrgyzstan,!,DHS.Iran,deduced
ISO.Kyrgyzstan,!,DHS.Iraq,deduced
ISO.Kyrgyzstan,!,DHS.Israel,deduced
ISO.Kyrgyzstan,!,DHS.Japan,deduced
ISO.Kyrgyzstan,!,DHS.Jordan,deduced
ISO.Kyrgyzstan,!,DHS.KazakDHStan,deduced
ISO.Kyrgyzstan,!,DHS.Kuwait,deduced
ISO.Kyrgyzstan,!,DHS.Laos,deduced
ISO.Kyrgyzstan,!,DHS.Lebanon,deduced
ISO.Kyrgyzstan,!,DHS.Macau,deduced
ISO.Kyrgyzstan,!,DHS.Malaysia,deduced
ISO.Kyrgyzstan,!,DHS.Maldives,deduced
ISO.Kyrgyzstan,!,DHS.Mongolia,deduced
ISO.Kyrgyzstan,!,DHS.Nepal,deduced
ISO.Kyrgyzstan,!,DHS.NorthKorea,deduced
ISO.Kyrgyzstan,!,DHS.Oman,deduced
ISO.Kyrgyzstan,!,DHS.Pakistan,deduced
ISO.Kyrgyzstan,!,DHS.Philippines,deduced
ISO.Kyrgyzstan,!,DHS.Qatar,deduced
ISO.Kyrgyzstan,!,DHS.SaudiArabia,deduced
ISO.Kyrgyzstan,!,DHS.Singapore,deduced
ISO.Kyrgyzstan,!,DHS.SouthKorea,deduced
ISO.Kyrgyzstan,!,DHS.SriLanka,deduced
ISO.Kyrgyzstan,!,DHS.Taiwan,deduced
ISO.Kyrgyzstan,!,DHS.Tajikistan,deduced
ISO.Kyrgyzstan,!,DHS.Thailand,deduced
ISO.Kyrgyzstan,!,DHS.Turkey,deduced
ISO.Kyrgyzstan,!,DHS.Turkmenistan,deduced
ISO.Kyrgyzstan,!,DHS.UnitedArabEmirates,deduced
ISO.Kyrgyzstan,!,DHS.Uzbekistan,deduced
ISO.Kyrgyzstan,!,DHS.Vietnam,deduced
ISO.Kyrgyzstan,!,DHS.Yemen,deduced
ISO.LaoPeoplesDemocraticRepublic,!,DHS.Afghanistan,deduced
ISO.LaoPeoplesDemocraticRepublic,!,DHS.Armenia,deduced
ISO.LaoPeoplesDemocraticRepublic,<,DHS.Asia,deduced
ISO.LaoPeoplesDemocraticRepublic,!,DHS.Azerbaijan,deduced
ISO.LaoPeoplesDemocraticRepublic,!,DHS.Bahrain,deduced
ISO.LaoPeoplesDemocraticRepublic,!,DHS.Bangladesh,deduced
ISO.LaoPeoplesDemocraticRepublic,!,DHS.Bhutan,deduced
ISO.LaoPeoplesDemocraticRepublic,!,DHS.Brunei,deduced
ISO.LaoPeoplesDemocraticRepublic,!,DHS.Burma,deduced
ISO.LaoPeoplesDemocraticRepublic,!,DHS.Cambodia,deduced
ISO.LaoPeoplesDemocraticRepublic,!,DHS.China,deduced
ISO.LaoPeoplesDemocraticRepublic,!,DHS.Cyprus,deduced
ISO.LaoPeoplesDemocraticRepublic,!,DHS.EastTimor,deduced
ISO.LaoPeoplesDemocraticRepublic,!,DHS.Georgia,deduced
ISO.LaoPeoplesDemocraticRepublic,!,DHS.HongKong,deduced
ISO.LaoPeoplesDemocraticRepublic,!,DHS.India,deduced
ISO.LaoPeoplesDemocraticRepublic,!,DHS.Indonesia,deduced
ISO.LaoPeoplesDemocraticRepublic,!,DHS.Iran,deduced
ISO.LaoPeoplesDemocraticRepublic,!,DHS.Iraq,deduced
ISO.LaoPeoplesDemocraticRepublic,!,DHS.Israel,deduced
ISO.LaoPeoplesDemocraticRepublic,!,DHS.Japan,deduced
ISO.LaoPeoplesDemocraticRepublic,!,DHS.Jordan,deduced
ISO.LaoPeoplesDemocraticRepublic,!,DHS.KazakDHStan,deduced
ISO.LaoPeoplesDemocraticRepublic,!,DHS.Kuwait,deduced
ISO.LaoPeoplesDemocraticRepublic,!,DHS.Kyrgyzstan,deduced
ISO.LaoPeoplesDemocraticRepublic,!,DHS.Lebanon,deduced
ISO.LaoPeoplesDemocraticRepublic,!,DHS.Macau,deduced
ISO.LaoPeoplesDemocraticRepublic,!,DHS.Malaysia,deduced
ISO.LaoPeoplesDemocraticRepublic,!,DHS.Maldives,deduced
ISO.LaoPeoplesDemocraticRepublic,!,DHS.Mongolia,deduced
ISO.LaoPeoplesDemocraticRepublic,!,DHS.Nepal,deduced
ISO.LaoPeoplesDemocraticRepublic,!,DHS.NorthKorea,deduced
ISO.LaoPeoplesDemocraticRepublic,!,DHS.Oman,deduced
ISO.LaoPeoplesDemocraticRepublic,!,DHS.Pakistan,deduced
ISO.LaoPeoplesDemocraticRepublic,!,DHS.Philippines,deduced
ISO.LaoPeoplesDemocraticRepublic,!,DHS.Qatar,deduced
ISO.LaoPeoplesDemocraticRepublic,!,DHS.SaudiArabia,deduced
ISO.LaoPeoplesDemocraticRepublic,!,DHS.Singapore,deduced
ISO.LaoPeoplesDemocraticRepublic,!,DHS.SouthKorea,deduced
ISO.LaoPeoplesDemocraticRepublic,!,DHS.SriLanka,deduced
ISO.LaoPeoplesDemocraticRepublic,!,DHS.Taiwan,deduced
ISO.LaoPeoplesDemocraticRepublic,!,DHS.Tajikistan,deduced
ISO.LaoPeoplesDemocraticRepublic,!,DHS.Thailand,deduced
ISO.LaoPeoplesDemocraticRepublic,!,DHS.Turkey,deduced
ISO.LaoPeoplesDemocraticRepublic,!,DHS.Turkmenistan,deduced
ISO.LaoPeoplesDemocraticRepublic,!,DHS.UnitedArabEmirates,deduced
ISO.LaoPeoplesDemocraticRepublic,!,DHS.Uzbekistan,deduced
ISO.LaoPeoplesDemocraticRepublic,!,DHS.Vietnam,deduced
ISO.LaoPeoplesDemocraticRepublic,!,DHS.Yemen,deduced
ISO.Lebanon,!,DHS.Afghanistan,deduced
ISO.Lebanon,!,DHS.Armenia,deduced
ISO.Lebanon,<,DHS.Asia,deduced
ISO.Lebanon,!,DHS.Azerbaijan,deduced
ISO.Lebanon,!,DHS.Bahrain,deduced
ISO.Lebanon,!,DHS.Bangladesh,deduced
ISO.Lebanon,!,DHS.Bhutan,deduced
ISO.Lebanon,!,DHS.Brunei,deduced
ISO.Lebanon,!,DHS.Burma,deduced
ISO.Lebanon,!,DHS.Cambodia,deduced
ISO.Lebanon,!,DHS.China,deduced
ISO.Lebanon,!,DHS.Cyprus,deduced
ISO.Lebanon,!,DHS.EastTimor,deduced
ISO.Lebanon,!,DHS.Georgia,deduced
ISO.Lebanon,!,DHS.HongKong,deduced
ISO.Lebanon,!,DHS.India,deduced
ISO.Lebanon,!,DHS.Indonesia,deduced
ISO.Lebanon,!,DHS.Iran,deduced
ISO.Lebanon,!,DHS.Iraq,deduced
ISO.Lebanon,!,DHS.Israel,deduced
ISO.Lebanon,!,DHS.Japan,deduced
ISO.Lebanon,!,DHS.Jordan,deduced
ISO.Lebanon,!,DHS.KazakDHStan,deduced
ISO.Lebanon,!,DHS.Kuwait,deduced
ISO.Lebanon,!,DHS.Kyrgyzstan,deduced
ISO.Lebanon,!,DHS.Laos,deduced
ISO.Lebanon,!,DHS.Macau,deduced
ISO.Lebanon,!,DHS.Malaysia,deduced
ISO.Lebanon,!,DHS.Maldives,deduced
ISO.Lebanon,!,DHS.Mongolia,deduced
ISO.Lebanon,!,DHS.Nepal,deduced
ISO.Lebanon,!,DHS.NorthKorea,deduced
ISO.Lebanon,!,DHS.Oman,deduced
ISO.Lebanon,!,DHS.Pakistan,deduced
ISO.Lebanon,!,DHS.Philippines,deduced
ISO.Lebanon,!,DHS.Qatar,deduced
ISO.Lebanon,!,DHS.SaudiArabia,deduced
ISO.Lebanon,!,DHS.Singapore,deduced
ISO.Lebanon,!,DHS.SouthKorea,deduced
ISO.Lebanon,!,DHS.SriLanka,deduced
ISO.Lebanon,!,DHS.Taiwan,deduced
ISO.Lebanon,!,DHS.Tajikistan,deduced
ISO.Lebanon,!,DHS.Thailand,deduced
ISO.Lebanon,!,DHS.Turkey,deduced
ISO.Lebanon,!,DHS.Turkmenistan,deduced
ISO.Lebanon,!,DHS.UnitedArabEmirates,deduced
ISO.Lebanon,!,DHS.Uzbekistan,deduced
ISO.Lebanon,!,DHS.Vietnam,deduced
ISO.Lebanon,!,DHS.Yemen,deduced
ISO.Macao,!,DHS.Afghanistan,deduced
ISO.Macao,!,DHS.Armenia,deduced
ISO.Macao,<,DHS.Asia,deduced
ISO.Macao,!,DHS.Azerbaijan,deduced
ISO.Macao,!,DHS.Bahrain,deduced
ISO.Macao,!,DHS.Bangladesh,deduced
ISO.Macao,!,DHS.Bhutan,deduced
ISO.Macao,!,DHS.Brunei,deduced
ISO.Macao,!,DHS.Burma,deduced
ISO.Macao,!,DHS.Cambodia,deduced
ISO.Macao,!,DHS.China,deduced
ISO.Macao,!,DHS.Cyprus,deduced
ISO.Macao,!,DHS.EastTimor,deduced
ISO.Macao,!,DHS.Georgia,deduced
ISO.Macao,!,DHS.HongKong,deduced
ISO.Macao,!,DHS.India,deduced
ISO.Macao,!,DHS.Indonesia,deduced
ISO.Macao,!,DHS.Iran,deduced
ISO.Macao,!,DHS.Iraq,deduced
ISO.Macao,!,DHS.Israel,deduced
ISO.Macao,!,DHS.Japan,deduced
ISO.Macao,!,DHS.Jordan,deduced
ISO.Macao,!,DHS.KazakDHStan,deduced
ISO.Macao,!,DHS.Kuwait,deduced
ISO.Macao,!,DHS.Kyrgyzstan,deduced
ISO.Macao,!,DHS.Laos,deduced
ISO.Macao,!,DHS.Lebanon,deduced
ISO.Macao,!,DHS.Malaysia,deduced
ISO.Macao,!,DHS.Maldives,deduced
ISO.Macao,!,DHS.Mongolia,deduced
ISO.Macao,!,DHS.Nepal,deduced
ISO.Macao,!,DHS.NorthKorea,deduced
ISO.Macao,!,DHS.Oman,deduced
ISO.Macao,!,DHS.Pakistan,deduced
ISO.Macao,!,DHS.Philippines,deduced
ISO.Macao,!,DHS.Qatar,deduced
ISO.Macao,!,DHS.SaudiArabia,deduced
ISO.Macao,!,DHS.Singapore,deduced
ISO.Macao,!,DHS.SouthKorea,deduced
ISO.Macao,!,DHS.SriLanka,deduced
ISO.Macao,!,DHS.Taiwan,deduced
ISO.Macao,!,DHS.Tajikistan,deduced
ISO.Macao,!,DHS.Thailand,deduced
ISO.Macao,!,DHS.Turkey,deduced
ISO.Macao,!,DHS.Turkmenistan,deduced
ISO.Macao,!,DHS.UnitedArabEmirates,deduced
ISO.Macao,!,DHS.Uzbekistan,deduced
ISO.Macao,!,DHS.Vietnam,deduced
ISO.Macao,!,DHS.Yemen,deduced
ISO.Malaysia,!,DHS.Afghanistan,deduced
ISO.Malaysia,!,DHS.Armenia,deduced
ISO.Malaysia,<,DHS.Asia,deduced
ISO.Malaysia,!,DHS.Azerbaijan,deduced
ISO.Malaysia,!,DHS.Bahrain,deduced
ISO.Malaysia,!,DHS.Bangladesh,deduced
ISO.Malaysia,!,DHS.Bhutan,deduced
ISO.Malaysia,!,DHS.Brunei,deduced
ISO.Malaysia,!,DHS.Burma,deduced
ISO.Malaysia,!,DHS.Cambodia,deduced
ISO.Malaysia,!,DHS.China,deduced
ISO.Malaysia,!,DHS.Cyprus,deduced
ISO.Malaysia,!,DHS.EastTimor,deduced
ISO.Malaysia,!,DHS.Georgia,deduced
ISO.Malaysia,!,DHS.HongKong,deduced
ISO.Malaysia,!,DHS.India,deduced
ISO.Malaysia,!,DHS.Indonesia,deduced
ISO.Malaysia,!,DHS.Iran,deduced
ISO.Malaysia,!,DHS.Iraq,deduced
ISO.Malaysia,!,DHS.Israel,deduced
ISO.Malaysia,!,DHS.Japan,deduced
ISO.Malaysia,!,DHS.Jordan,deduced
ISO.Malaysia,!,DHS.KazakDHStan,deduced
ISO.Malaysia,!,DHS.Kuwait,deduced
ISO.Malaysia,!,DHS.Kyrgyzstan,deduced
ISO.Malaysia,!,DHS.Laos,deduced
ISO.Malaysia,!,DHS.Lebanon,deduced
ISO.Malaysia,!,DHS.Macau,deduced
ISO.Malaysia,!,DHS.Maldives,deduced
ISO.Malaysia,!,DHS.Mongolia,deduced
ISO.Malaysia,!,DHS.Nepal,deduced
ISO.Malaysia,!,DHS.NorthKorea,deduced
ISO.Malaysia,!,DHS.Oman,deduced
ISO.Malaysia,!,DHS.Pakistan,deduced
ISO.Malaysia,!,DHS.Philippines,deduced
ISO.Malaysia,!,DHS.Qatar,deduced
ISO.Malaysia,!,DHS.SaudiArabia,deduced
ISO.Malaysia,!,DHS.Singapore,deduced
ISO.Malaysia,!,DHS.SouthKorea,deduced
ISO.Malaysia,!,DHS.SriLanka,deduced
ISO.Malaysia,!,DHS.Taiwan,deduced
ISO.Malaysia,!,DHS.Tajikistan,deduced
ISO.Malaysia,!,DHS.Thailand,deduced
ISO.Malaysia,!,DHS.Turkey,deduced
ISO.Malaysia,!,DHS.Turkmenistan,deduced
ISO.Malaysia,!,DHS.UnitedArabEmirates,deduced
ISO.Malaysia,!,DHS.Uzbekistan,deduced
ISO.Malaysia,!,DHS.Vietnam,deduced
ISO.Malaysia,!,DHS.Yemen,deduced
ISO.Maldives,!,DHS.Afghanistan,deduced
ISO.Maldives,!,DHS.Armenia,deduced
ISO.Maldives,<,DHS.Asia,deduced
ISO.Maldives,!,DHS.Azerbaijan,deduced
ISO.Maldives,!,DHS.Bahrain,deduced
ISO.Maldives,!,DHS.Bangladesh,deduced
ISO.Maldives,!,DHS.Bhutan,deduced
ISO.Maldives,!,DHS.Brunei,deduced
ISO.Maldives,!,DHS.Burma,deduced
ISO.Maldives,!,DHS.Cambodia,deduced
ISO.Maldives,!,DHS.China,deduced
ISO.Maldives,!,DHS.Cyprus,deduced
ISO.Maldives,!,DHS.EastTimor,deduced
ISO.Maldives,!,DHS.Georgia,deduced
ISO.Maldives,!,DHS.HongKong,deduced
ISO.Maldives,!,DHS.India,deduced
ISO.Maldives,!,DHS.Indonesia,deduced
ISO.Maldives,!,DHS.Iran,deduced
ISO.Maldives,!,DHS.Iraq,deduced
ISO.Maldives,!,DHS.Israel,deduced
ISO.Maldives,!,DHS.Japan,deduced
ISO.Maldives,!,DHS.Jordan,deduced
ISO.Maldives,!,DHS.KazakDHStan,deduced
ISO.Maldives,!,DHS.Kuwait,deduced
ISO.Maldives,!,DHS.Kyrgyzstan,deduced
ISO.Maldives,!,DHS.Laos,deduced
ISO.Maldives,!,DHS.Lebanon,deduced
ISO.Maldives,!,DHS.Macau,deduced
ISO.Maldives,!,DHS.Malaysia,deduced
ISO.Maldives,!,DHS.Mongolia,deduced
ISO.Maldives,!,DHS.Nepal,deduced
ISO.Maldives,!,DHS.NorthKorea,deduced
ISO.Maldives,!,DHS.Oman,deduced
ISO.Maldives,!,DHS.Pakistan,deduced
ISO.Maldives,!,DHS.Philippines,deduced
ISO.Maldives,!,DHS.Qatar,deduced
ISO.Maldives,!,DHS.SaudiArabia,deduced
ISO.Maldives,!,DHS.Singapore,deduced
ISO.Maldives,!,DHS.SouthKorea,deduced
ISO.Maldives,!,DHS.SriLanka,deduced
ISO.Maldives,!,DHS.Taiwan,deduced
ISO.Maldives,!,DHS.Tajikistan,deduced
ISO.Maldives,!,DHS.Thailand,deduced
ISO.Maldives,!,DHS.Turkey,deduced
ISO.Maldives,!,DHS.Turkmenistan,deduced
ISO.Maldives,!,DHS.UnitedArabEmirates,deduced
ISO.Maldives,!,DHS.Uzbekistan,deduced
ISO.Maldives,!,DHS.Vietnam,deduced
ISO.Maldives,!,DHS.Yemen,deduced
ISO.Mongolia,!,DHS.Afghanistan,deduced
ISO.Mongolia,!,DHS.Armenia,deduced
ISO.Mongolia,<,DHS.Asia,deduced
ISO.Mongolia,!,DHS.Azerbaijan,deduced
ISO.Mongolia,!,DHS.Bahrain,deduced
ISO.Mongolia,!,DHS.Bangladesh,deduced
ISO.Mongolia,!,DHS.Bhutan,deduced
ISO.Mongolia,!,DHS.Brunei,deduced
ISO.Mongolia,!,DHS.Burma,deduced
ISO.Mongolia,!,DHS.Cambodia,deduced
ISO.Mongolia,!,DHS.China,deduced
ISO.Mongolia,!,DHS.Cyprus,deduced
ISO.Mongolia,!,DHS.EastTimor,deduced
ISO.Mongolia,!,DHS.Georgia,deduced
ISO.Mongolia,!,DHS.HongKong,deduced
ISO.Mongolia,!,DHS.India,deduced
ISO.Mongolia,!,DHS.Indonesia,deduced
ISO.Mongolia,!,DHS.Iran,deduced
ISO.Mongolia,!,DHS.Iraq,deduced
ISO.Mongolia,!,DHS.Israel,deduced
ISO.Mongolia,!,DHS.Japan,deduced
ISO.Mongolia,!,DHS.Jordan,deduced
ISO.Mongolia,!,DHS.KazakDHStan,deduced
ISO.Mongolia,!,DHS.Kuwait,deduced
ISO.Mongolia,!,DHS.Kyrgyzstan,deduced
ISO.Mongolia,!,DHS.Laos,deduced
ISO.Mongolia,!,DHS.Lebanon,deduced
ISO.Mongolia,!,DHS.Macau,deduced
ISO.Mongolia,!,DHS.Malaysia,deduced
ISO.Mongolia,!,DHS.Maldives,deduced
ISO.Mongolia,!,DHS.Nepal,deduced
ISO.Mongolia,!,DHS.NorthKorea,deduced
ISO.Mongolia,!,DHS.Oman,deduced
ISO.Mongolia,!,DHS.Pakistan,deduced
ISO.Mongolia,!,DHS.Philippines,deduced
ISO.Mongolia,!,DHS.Qatar,deduced
ISO.Mongolia,!,DHS.SaudiArabia,deduced
ISO.Mongolia,!,DHS.Singapore,deduced
ISO.Mongolia,!,DHS.SouthKorea,deduced
ISO.Mongolia,!,DHS.SriLanka,deduced
ISO.Mongolia,!,DHS.Taiwan,deduced
ISO.Mongolia,!,DHS.Tajikistan,deduced
ISO.Mongolia,!,DHS.Thailand,deduced
ISO.Mongolia,!,DHS.Turkey,deduced
ISO.Mongolia,!,DHS.Turkmenistan,deduced
ISO.Mongolia,!,DHS.UnitedArabEmirates,deduced
ISO.Mongolia,!,DHS.Uzbekistan,deduced
ISO.Mongolia,!,DHS.Vietnam,deduced
ISO.Mongolia,!,DHS.Yemen,deduced
ISO.Myanmar,!,DHS.Afghanistan,deduced
ISO.Myanmar,!,DHS.Armenia,deduced
ISO.Myanmar,<,DHS.Asia,deduced
ISO.Myanmar,!,DHS.Azerbaijan,deduced
ISO.Myanmar,!,DHS.Bahrain,deduced
ISO.Myanmar,!,DHS.Bangladesh,deduced
ISO.Myanmar,!,DHS.Bhutan,deduced
ISO.Myanmar,!,DHS.Brunei,deduced
ISO.Myanmar,!,DHS.Cambodia,deduced
ISO.Myanmar,!,DHS.China,deduced
ISO.Myanmar,!,DHS.Cyprus,deduced
ISO.Myanmar,!,DHS.EastTimor,deduced
ISO.Myanmar,!,DHS.Georgia,deduced
ISO.Myanmar,!,DHS.HongKong,deduced
ISO.Myanmar,!,DHS.India,deduced
ISO.Myanmar,!,DHS.Indonesia,deduced
ISO.Myanmar,!,DHS.Iran,deduced
ISO.Myanmar,!,DHS.Iraq,deduced
ISO.Myanmar,!,DHS.Israel,deduced
ISO.Myanmar,!,DHS.Japan,deduced
ISO.Myanmar,!,DHS.Jordan,deduced
ISO.Myanmar,!,DHS.KazakDHStan,deduced
ISO.Myanmar,!,DHS.Kuwait,deduced
ISO.Myanmar,!,DHS.Kyrgyzstan,deduced
ISO.Myanmar,!,DHS.Laos,deduced
ISO.Myanmar,!,DHS.Lebanon,deduced
ISO.Myanmar,!,DHS.Macau,deduced
ISO.Myanmar,!,DHS.Malaysia,deduced
ISO.Myanmar,!,DHS.Maldives,deduced
ISO.Myanmar,!,DHS.Mongolia,deduced
ISO.Myanmar,!,DHS.Nepal,deduced
ISO.Myanmar,!,DHS.NorthKorea,deduced
ISO.Myanmar,!,DHS.Oman,deduced
ISO.Myanmar,!,DHS.Pakistan,deduced
ISO.Myanmar,!,DHS.Philippines,deduced
ISO.Myanmar,!,DHS.Qatar,deduced
ISO.Myanmar,!,DHS.SaudiArabia,deduced
ISO.Myanmar,!,DHS.Singapore,deduced
ISO.Myanmar,!,DHS.SouthKorea,deduced
ISO.Myanmar,!,DHS.SriLanka,deduced
ISO.Myanmar,!,DHS.Taiwan,deduced
ISO.Myanmar,!,DHS.Tajikistan,deduced
ISO.Myanmar,!,DHS.Thailand,deduced
ISO.Myanmar,!,DHS.Turkey,deduced
ISO.Myanmar,!,DHS.Turkmenistan,deduced
ISO.Myanmar,!,DHS.UnitedArabEmirates,deduced
ISO.Myanmar,!,DHS.Uzbekistan,deduced
ISO.Myanmar,!,DHS.Vietnam,deduced
ISO.Myanmar,!,DHS.Yemen,deduced
ISO.Nepal,!,DHS.Afghanistan,deduced
ISO.Nepal,!,DHS.Armenia,deduced
ISO.Nepal,<,DHS.Asia,deduced
ISO.Nepal,!,DHS.Azerbaijan,deduced
ISO.Nepal,!,DHS.Bahrain,deduced
ISO.Nepal,!,DHS.Bangladesh,deduced
ISO.Nepal,!,DHS.Bhutan,deduced
ISO.Nepal,!,DHS.Brunei,deduced
ISO.Nepal,!,DHS.Burma,deduced
ISO.Nepal,!,DHS.Cambodia,deduced
ISO.Nepal,!,DHS.China,deduced
ISO.Nepal,!,DHS.Cyprus,deduced
ISO.Nepal,!,DHS.EastTimor,deduced
ISO.Nepal,!,DHS.Georgia,deduced
ISO.Nepal,!,DHS.HongKong,deduced
ISO.Nepal,!,DHS.India,deduced
ISO.Nepal,!,DHS.Indonesia,deduced
ISO.Nepal,!,DHS.Iran,deduced
ISO.Nepal,!,DHS.Iraq,deduced
ISO.Nepal,!,DHS.Israel,deduced
ISO.Nepal,!,DHS.Japan,deduced
ISO.Nepal,!,DHS.Jordan,deduced
ISO.Nepal,!,DHS.KazakDHStan,deduced
ISO.Nepal,!,DHS.Kuwait,deduced
ISO.Nepal,!,DHS.Kyrgyzstan,deduced
ISO.Nepal,!,DHS.Laos,deduced
ISO.Nepal,!,DHS.Lebanon,deduced
ISO.Nepal,!,DHS.Macau,deduced
ISO.Nepal,!,DHS.Malaysia,deduced
ISO.Nepal,!,DHS.Maldives,deduced
ISO.Nepal,!,DHS.Mongolia,deduced
ISO.Nepal,!,DHS.NorthKorea,deduced
ISO.Nepal,!,DHS.Oman,deduced
ISO.Nepal,!,DHS.Pakistan,deduced
ISO.Nepal,!,DHS.Philippines,deduced
ISO.Nepal,!,DHS.Qatar,deduced
ISO.Nepal,!,DHS.SaudiArabia,deduced
ISO.Nepal,!,DHS.Singapore,deduced
ISO.Nepal,!,DHS.SouthKorea,deduced
ISO.Nepal,!,DHS.SriLanka,deduced
ISO.Nepal,!,DHS.Taiwan,deduced
ISO.Nepal,!,DHS.Tajikistan,deduced
ISO.Nepal,!,DHS.Thailand,deduced
ISO.Nepal,!,DHS.Turkey,deduced
ISO.Nepal,!,DHS.Turkmenistan,deduced
ISO.Nepal,!,DHS.UnitedArabEmirates,deduced
ISO.Nepal,!,DHS.Uzbekistan,deduced
ISO.Nepal,!,DHS.Vietnam,deduced
ISO.Nepal,!,DHS.Yemen,deduced
ISO.Oman,!,DHS.Afghanistan,deduced
ISO.Oman,!,DHS.Armenia,deduced
ISO.Oman,<,DHS.Asia,deduced
ISO.Oman,!,DHS.Azerbaijan,deduced
ISO.Oman,!,DHS.Bahrain,deduced
ISO.Oman,!,DHS.Bangladesh,deduced
ISO.Oman,!,DHS.Bhutan,deduced
ISO.Oman,!,DHS.Brunei,deduced
ISO.Oman,!,DHS.Burma,deduced
ISO.Oman,!,DHS.Cambodia,deduced
ISO.Oman,!,DHS.China,deduced
ISO.Oman,!,DHS.Cyprus,deduced
ISO.Oman,!,DHS.EastTimor,deduced
ISO.Oman,!,DHS.Georgia,deduced
ISO.Oman,!,DHS.HongKong,deduced
ISO.Oman,!,DHS.India,deduced
ISO.Oman,!,DHS.Indonesia,deduced
ISO.Oman,!,DHS.Iran,deduced
ISO.Oman,!,DHS.Iraq,deduced
ISO.Oman,!,DHS.Israel,deduced
ISO.Oman,!,DHS.Japan,deduced
ISO.Oman,!,DHS.Jordan,deduced
ISO.Oman,!,DHS.KazakDHStan,deduced
ISO.Oman,!,DHS.Kuwait,deduced
ISO.Oman,!,DHS.Kyrgyzstan,deduced
ISO.Oman,!,DHS.Laos,deduced
ISO.Oman,!,DHS.Lebanon,deduced
ISO.Oman,!,DHS.Macau,deduced
ISO.Oman,!,DHS.Malaysia,deduced
ISO.Oman,!,DHS.Maldives,deduced
ISO.Oman,!,DHS.Mongolia,deduced
ISO.Oman,!,DHS.Nepal,deduced
ISO.Oman,!,DHS.NorthKorea,deduced
ISO.Oman,!,DHS.Pakistan,deduced
ISO.Oman,!,DHS.Philippines,deduced
ISO.Oman,!,DHS.Qatar,deduced
ISO.Oman,!,DHS.SaudiArabia,deduced
ISO.Oman,!,DHS.Singapore,deduced
ISO.Oman,!,DHS.SouthKorea,deduced
ISO.Oman,!,DHS.SriLanka,deduced
ISO.Oman,!,DHS.Taiwan,deduced
ISO.Oman,!,DHS.Tajikistan,deduced
ISO.Oman,!,DHS.Thailand,deduced
ISO.Oman,!,DHS.Turkey,deduced
ISO.Oman,!,DHS.Turkmenistan,deduced
ISO.Oman,!,DHS.UnitedArabEmirates,deduced
ISO.Oman,!,DHS.Uzbekistan,deduced
ISO.Oman,!,DHS.Vietnam,deduced
ISO.Oman,!,DHS.Yemen,deduced
ISO.Pakistan,!,DHS.Afghanistan,deduced
ISO.Pakistan,!,DHS.Armenia,deduced
ISO.Pakistan,<,DHS.Asia,deduced
ISO.Pakistan,!,DHS.Azerbaijan,deduced
ISO.Pakistan,!,DHS.Bahrain,deduced
ISO.Pakistan,!,DHS.Bangladesh,deduced
ISO.Pakistan,!,DHS.Bhutan,deduced
ISO.Pakistan,!,DHS.Brunei,deduced
ISO.Pakistan,!,DHS.Burma,deduced
ISO.Pakistan,!,DHS.Cambodia,deduced
ISO.Pakistan,!,DHS.China,deduced
ISO.Pakistan,!,DHS.Cyprus,deduced
ISO.Pakistan,!,DHS.EastTimor,deduced
ISO.Pakistan,!,DHS.Georgia,deduced
ISO.Pakistan,!,DHS.HongKong,deduced
ISO.Pakistan,!,DHS.India,deduced
ISO.Pakistan,!,DHS.Indonesia,deduced
ISO.Pakistan,!,DHS.Iran,deduced
ISO.Pakistan,!,DHS.Iraq,deduced
ISO.Pakistan,!,DHS.Israel,deduced
ISO.Pakistan,!,DHS.Japan,deduced
ISO.Pakistan,!,DHS.Jordan,deduced
ISO.Pakistan,!,DHS.KazakDHStan,deduced
ISO.Pakistan,!,DHS.Kuwait,deduced
ISO.Pakistan,!,DHS.Kyrgyzstan,deduced
ISO.Pakistan,!,DHS.Laos,deduced
ISO.Pakistan,!,DHS.Lebanon,deduced
ISO.Pakistan,!,DHS.Macau,deduced
ISO.Pakistan,!,DHS.Malaysia,deduced
ISO.Pakistan,!,DHS.Maldives,deduced
ISO.Pakistan,!,DHS.Mongolia,deduced
ISO.Pakistan,!,DHS.Nepal,deduced
ISO.Pakistan,!,DHS.NorthKorea,deduced
ISO.Pakistan,!,DHS.Oman,deduced
ISO.Pakistan,!,DHS.Philippines,deduced
ISO.Pakistan,!,DHS.Qatar,deduced
ISO.Pakistan,!,DHS.SaudiArabia,deduced
ISO.Pakistan,!,DHS.Singapore,deduced
ISO.Pakistan,!,DHS.SouthKorea,deduced
ISO.Pakistan,!,DHS.SriLanka,deduced
ISO.Pakistan,!,DHS.Taiwan,deduced
ISO.Pakistan,!,DHS.Tajikistan,deduced
ISO.Pakistan,!,DHS.Thailand,deduced
ISO.Pakistan,!,DHS.Turkey,deduced
ISO.Pakistan,!,DHS.Turkmenistan,deduced
ISO.Pakistan,!,DHS.UnitedArabEmirates,deduced
ISO.Pakistan,!,DHS.Uzbekistan,deduced
ISO.Pakistan,!,DHS.Vietnam,deduced
ISO.Pakistan,!,DHS.Yemen,deduced
ISO.Philippines,!,DHS.Afghanistan,deduced
ISO.Philippines,!,DHS.Armenia,deduced
ISO.Philippines,<,DHS.Asia,deduced
ISO.Philippines,!,DHS.Azerbaijan,deduced
ISO.Philippines,!,DHS.Bahrain,deduced
ISO.Philippines,!,DHS.Bangladesh,deduced
ISO.Philippines,!,DHS.Bhutan,deduced
ISO.Philippines,!,DHS.Brunei,deduced
ISO.Philippines,!,DHS.Burma,deduced
ISO.Philippines,!,DHS.Cambodia,deduced
ISO.Philippines,!,DHS.China,deduced
ISO.Philippines,!,DHS.Cyprus,deduced
ISO.Philippines,!,DHS.EastTimor,deduced
ISO.Philippines,!,DHS.Georgia,deduced
ISO.Philippines,!,DHS.HongKong,deduced
ISO.Philippines,!,DHS.India,deduced
ISO.Philippines,!,DHS.Indonesia,deduced
ISO.Philippines,!,DHS.Iran,deduced
ISO.Philippines,!,DHS.Iraq,deduced
ISO.Philippines,!,DHS.Israel,deduced
ISO.Philippines,!,DHS.Japan,deduced
ISO.Philippines,!,DHS.Jordan,deduced
ISO.Philippines,!,DHS.KazakDHStan,deduced
ISO.Philippines,!,DHS.Kuwait,deduced
ISO.Philippines,!,DHS.Kyrgyzstan,deduced
ISO.Philippines,!,DHS.Laos,deduced
ISO.Philippines,!,DHS.Lebanon,deduced
ISO.Philippines,!,DHS.Macau,deduced
ISO.Philippines,!,DHS.Malaysia,deduced
ISO.Philippines,!,DHS.Maldives,deduced
ISO.Philippines,!,DHS.Mongolia,deduced
ISO.Philippines,!,DHS.Nepal,deduced
ISO.Philippines,!,DHS.NorthKorea,deduced
ISO.Philippines,!,DHS.Oman,deduced
ISO.Philippines,!,DHS.Pakistan,deduced
ISO.Philippines,!,DHS.Qatar,deduced
ISO.Philippines,!,DHS.SaudiArabia,deduced
ISO.Philippines,!,DHS.Singapore,deduced
ISO.Philippines,!,DHS.SouthKorea,deduced
ISO.Philippines,!,DHS.SriLanka,deduced
ISO.Philippines,!,DHS.Taiwan,deduced
ISO.Philippines,!,DHS.Tajikistan,deduced
ISO.Philippines,!,DHS.Thailand,deduced
ISO.Philippines,!,DHS.Turkey,deduced
ISO.Philippines,!,DHS.Turkmenistan,deduced
ISO.Philippines,!,DHS.UnitedArabEmirates,deduced
ISO.Philippines,!,DHS.Uzbekistan,deduced
ISO.Philippines,!,DHS.Vietnam,deduced
ISO.Philippines,!,DHS.Yemen,deduced
ISO.Qatar,!,DHS.Afghanistan,deduced
ISO.Qatar,!,DHS.Armenia,deduced
ISO.Qatar,<,DHS.Asia,deduced
ISO.Qatar,!,DHS.Azerbaijan,deduced
ISO.Qatar,!,DHS.Bahrain,deduced
ISO.Qatar,!,DHS.Bangladesh,deduced
ISO.Qatar,!,DHS.Bhutan,deduced
ISO.Qatar,!,DHS.Brunei,deduced
ISO.Qatar,!,DHS.Burma,deduced
ISO.Qatar,!,DHS.Cambodia,deduced
ISO.Qatar,!,DHS.China,deduced
ISO.Qatar,!,DHS.Cyprus,deduced
ISO.Qatar,!,DHS.EastTimor,deduced
ISO.Qatar,!,DHS.Georgia,deduced
ISO.Qatar,!,DHS.HongKong,deduced
ISO.Qatar,!,DHS.India,deduced
ISO.Qatar,!,DHS.Indonesia,deduced
ISO.Qatar,!,DHS.Iran,deduced
ISO.Qatar,!,DHS.Iraq,deduced
ISO.Qatar,!,DHS.Israel,deduced
ISO.Qatar,!,DHS.Japan,deduced
ISO.Qatar,!,DHS.Jordan,deduced
ISO.Qatar,!,DHS.KazakDHStan,deduced
ISO.Qatar,!,DHS.Kuwait,deduced
ISO.Qatar,!,DHS.Kyrgyzstan,deduced
ISO.Qatar,!,DHS.Laos,deduced
ISO.Qatar,!,DHS.Lebanon,deduced
ISO.Qatar,!,DHS.Macau,deduced
ISO.Qatar,!,DHS.Malaysia,deduced
ISO.Qatar,!,DHS.Maldives,deduced
ISO.Qatar,!,DHS.Mongolia,deduced
ISO.Qatar,!,DHS.Nepal,deduced
ISO.Qatar,!,DHS.NorthKorea,deduced
ISO.Qatar,!,DHS.Oman,deduced
ISO.Qatar,!,DHS.Pakistan,deduced
ISO.Qatar,!,DHS.Philippines,deduced
ISO.Qatar,!,DHS.SaudiArabia,deduced
ISO.Qatar,!,DHS.Singapore,deduced
ISO.Qatar,!,DHS.SouthKorea,deduced
ISO.Qatar,!,DHS.SriLanka,deduced
ISO.Qatar,!,DHS.Taiwan,deduced
ISO.Qatar,!,DHS.Tajikistan,deduced
ISO.Qatar,!,DHS.Thailand,deduced
ISO.Qatar,!,DHS.Turkey,deduced
ISO.Qatar,!,DHS.Turkmenistan,deduced
ISO.Qatar,!,DHS.UnitedArabEmirates,deduced
ISO.Qatar,!,DHS.Uzbekistan,deduced
ISO.Qatar,!,DHS.Vietnam,deduced
ISO.Qatar,!,DHS.Yemen,deduced
ISO.SaudiArabia,!,DHS.Afghanistan,deduced
ISO.SaudiArabia,!,DHS.Armenia,deduced
ISO.SaudiArabia,<,DHS.Asia,deduced
ISO.SaudiArabia,!,DHS.Azerbaijan,deduced
ISO.SaudiArabia,!,DHS.Bahrain,deduced
ISO.SaudiArabia,!,DHS.Bangladesh,deduced
ISO.SaudiArabia,!,DHS.Bhutan,deduced
ISO.SaudiArabia,!,DHS.Brunei,deduced
ISO.SaudiArabia,!,DHS.Burma,deduced
ISO.SaudiArabia,!,DHS.Cambodia,deduced
ISO.SaudiArabia,!,DHS.China,deduced
ISO.SaudiArabia,!,DHS.Cyprus,deduced
ISO.SaudiArabia,!,DHS.EastTimor,deduced
ISO.SaudiArabia,!,DHS.Georgia,deduced
ISO.SaudiArabia,!,DHS.HongKong,deduced
ISO.SaudiArabia,!,DHS.India,deduced
ISO.SaudiArabia,!,DHS.Indonesia,deduced
ISO.SaudiArabia,!,DHS.Iran,deduced
ISO.SaudiArabia,!,DHS.Iraq,deduced
ISO.SaudiArabia,!,DHS.Israel,deduced
ISO.SaudiArabia,!,DHS.Japan,deduced
ISO.SaudiArabia,!,DHS.Jordan,deduced
ISO.SaudiArabia,!,DHS.KazakDHStan,deduced
ISO.SaudiArabia,!,DHS.Kuwait,deduced
ISO.SaudiArabia,!,DHS.Kyrgyzstan,deduced
ISO.SaudiArabia,!,DHS.Laos,deduced
ISO.SaudiArabia,!,DHS.Lebanon,deduced
ISO.SaudiArabia,!,DHS.Macau,deduced
ISO.SaudiArabia,!,DHS.Malaysia,deduced
ISO.SaudiArabia,!,DHS.Maldives,deduced
ISO.SaudiArabia,!,DHS.Mongolia,deduced
ISO.SaudiArabia,!,DHS.Nepal,deduced
ISO.SaudiArabia,!,DHS.NorthKorea,deduced
ISO.SaudiArabia,!,DHS.Oman,deduced
ISO.SaudiArabia,!,DHS.Pakistan,deduced
ISO.SaudiArabia,!,DHS.Philippines,deduced
ISO.SaudiArabia,!,DHS.Qatar,deduced
ISO.SaudiArabia,!,DHS.Singapore,deduced
ISO.SaudiArabia,!,DHS.SouthKorea,deduced
ISO.SaudiArabia,!,DHS.SriLanka,deduced
ISO.SaudiArabia,!,DHS.Taiwan,deduced
ISO.SaudiArabia,!,DHS.Tajikistan,deduced
ISO.SaudiArabia,!,DHS.Thailand,deduced
ISO.SaudiArabia,!,DHS.Turkey,deduced
ISO.SaudiArabia,!,DHS.Turkmenistan,deduced
ISO.SaudiArabia,!,DHS.UnitedArabEmirates,deduced
ISO.SaudiArabia,!,DHS.Uzbekistan,deduced
ISO.SaudiArabia,!,DHS.Vietnam,deduced
ISO.SaudiArabia,!,DHS.Yemen,deduced
ISO.Singapore,!,DHS.Afghanistan,deduced
ISO.Singapore,!,DHS.Armenia,deduced
ISO.Singapore,<,DHS.Asia,deduced
ISO.Singapore,!,DHS.Azerbaijan,deduced
ISO.Singapore,!,DHS.Bahrain,deduced
ISO.Singapore,!,DHS.Bangladesh,deduced
ISO.Singapore,!,DHS.Bhutan,deduced
ISO.Singapore,!,DHS.Brunei,deduced
ISO.Singapore,!,DHS.Burma,deduced
ISO.Singapore,!,DHS.Cambodia,deduced
ISO.Singapore,!,DHS.China,deduced
ISO.Singapore,!,DHS.Cyprus,deduced
ISO.Singapore,!,DHS.EastTimor,deduced
ISO.Singapore,!,DHS.Georgia,deduced
ISO.Singapore,!,DHS.HongKong,deduced
ISO.Singapore,!,DHS.India,deduced
ISO.Singapore,!,DHS.Indonesia,deduced
ISO.Singapore,!,DHS.Iran,deduced
ISO.Singapore,!,DHS.Iraq,deduced
ISO.Singapore,!,DHS.Israel,deduced
ISO.Singapore,!,DHS.Japan,deduced
ISO.Singapore,!,DHS.Jordan,deduced
ISO.Singapore,!,DHS.KazakDHStan,deduced
ISO.Singapore,!,DHS.Kuwait,deduced
ISO.Singapore,!,DHS.Kyrgyzstan,deduced
ISO.Singapore,!,DHS.Laos,deduced
ISO.Singapore,!,DHS.Lebanon,deduced
ISO.Singapore,!,DHS.Macau,deduced
ISO.Singapore,!,DHS.Malaysia,deduced
ISO.Singapore,!,DHS.Maldives,deduced
ISO.Singapore,!,DHS.Mongolia,deduced
ISO.Singapore,!,DHS.Nepal,deduced
ISO.Singapore,!,DHS.NorthKorea,deduced
ISO.Singapore,!,DHS.Oman,deduced
ISO.Singapore,!,DHS.Pakistan,deduced
ISO.Singapore,!,DHS.Philippines,deduced
ISO.Singapore,!,DHS.Qatar,deduced
ISO.Singapore,!,DHS.SaudiArabia,deduced
ISO.Singapore,!,DHS.SouthKorea,deduced
ISO.Singapore,!,DHS.SriLanka,deduced
ISO.Singapore,!,DHS.Taiwan,deduced
ISO.Singapore,!,DHS.Tajikistan,deduced
ISO.Singapore,!,DHS.Thailand,deduced
ISO.Singapore,!,DHS.Turkey,deduced
ISO.Singapore,!,DHS.Turkmenistan,deduced
ISO.Singapore,!,DHS.UnitedArabEmirates,deduced
ISO.Singapore,!,DHS.Uzbekistan,deduced
ISO.Singapore,!,DHS.Vietnam,deduced
ISO.Singapore,!,DHS.Yemen,deduced
ISO.SriLanka,!,DHS.Afghanistan,deduced
ISO.SriLanka,!,DHS.Armenia,deduced
ISO.SriLanka,<,DHS.Asia,deduced
ISO.SriLanka,!,DHS.Azerbaijan,deduced
ISO.SriLanka,!,DHS.Bahrain,deduced
ISO.SriLanka,!,DHS.Bangladesh,deduced
ISO.SriLanka,!,DHS.Bhutan,deduced
ISO.SriLanka,!,DHS.Brunei,deduced
ISO.SriLanka,!,DHS.Burma,deduced
ISO.SriLanka,!,DHS.Cambodia,deduced
ISO.SriLanka,!,DHS.China,deduced
ISO.SriLanka,!,DHS.Cyprus,deduced
ISO.SriLanka,!,DHS.EastTimor,deduced
ISO.SriLanka,!,DHS.Georgia,deduced
ISO.SriLanka,!,DHS.HongKong,deduced
ISO.SriLanka,!,DHS.India,deduced
ISO.SriLanka,!,DHS.Indonesia,deduced
ISO.SriLanka,!,DHS.Iran,deduced
ISO.SriLanka,!,DHS.Iraq,deduced
ISO.SriLanka,!,DHS.Israel,deduced
ISO.SriLanka,!,DHS.Japan,deduced
ISO.SriLanka,!,DHS.Jordan,deduced
ISO.SriLanka,!,DHS.KazakDHStan,deduced
ISO.SriLanka,!,DHS.Kuwait,deduced
ISO.SriLanka,!,DHS.Kyrgyzstan,deduced
ISO.SriLanka,!,DHS.Laos,deduced
ISO.SriLanka,!,DHS.Lebanon,deduced
ISO.SriLanka,!,DHS.Macau,deduced
ISO.SriLanka,!,DHS.Malaysia,deduced
ISO.SriLanka,!,DHS.Maldives,deduced
ISO.SriLanka,!,DHS.Mongolia,deduced
ISO.SriLanka,!,DHS.Nepal,deduced
ISO.SriLanka,!,DHS.NorthKorea,deduced
ISO.SriLanka,!,DHS.Oman,deduced
ISO.SriLanka,!,DHS.Pakistan,deduced
ISO.SriLanka,!,DHS.Philippines,deduced
ISO.SriLanka,!,DHS.Qatar,deduced
ISO.SriLanka,!,DHS.SaudiArabia,deduced
ISO.SriLanka,!,DHS.Singapore,deduced
ISO.SriLanka,!,DHS.SouthKorea,deduced
ISO.SriLanka,!,DHS.Taiwan,deduced
ISO.SriLanka,!,DHS.Tajikistan,deduced
ISO.SriLanka,!,DHS.Thailand,deduced
ISO.SriLanka,!,DHS.Turkey,deduced
ISO.SriLanka,!,DHS.Turkmenistan,deduced
ISO.SriLanka,!,DHS.UnitedArabEmirates,deduced
ISO.SriLanka,!,DHS.Uzbekistan,deduced
ISO.SriLanka,!,DHS.Vietnam,deduced
ISO.SriLanka,!,DHS.Yemen,deduced
ISO.TaiwanProvinceofChina,<,DHS.Asia,deduced
ISO.TaiwanProvinceofChina,!,DHS.HongKong,deduced
ISO.TaiwanProvinceofChina,!,DHS.Macau,deduced
ISO.Tajikistan,!,DHS.Afghanistan,deduced
ISO.Tajikistan,!,DHS.Armenia,deduced
ISO.Tajikistan,<,DHS.Asia,deduced
ISO.Tajikistan,!,DHS.Azerbaijan,deduced
ISO.Tajikistan,!,DHS.Bahrain,deduced
ISO.Tajikistan,!,DHS.Bangladesh,deduced
ISO.Tajikistan,!,DHS.Bhutan,deduced
ISO.Tajikistan,!,DHS.Brunei,deduced
ISO.Tajikistan,!,DHS.Burma,deduced
ISO.Tajikistan,!,DHS.Cambodia,deduced
ISO.Tajikistan,!,DHS.China,deduced
ISO.Tajikistan,!,DHS.Cyprus,deduced
ISO.Tajikistan,!,DHS.EastTimor,deduced
ISO.Tajikistan,!,DHS.Georgia,deduced
ISO.Tajikistan,!,DHS.HongKong,deduced
ISO.Tajikistan,!,DHS.India,deduced
ISO.Tajikistan,!,DHS.Indonesia,deduced
ISO.Tajikistan,!,DHS.Iran,deduced
ISO.Tajikistan,!,DHS.Iraq,deduced
ISO.Tajikistan,!,DHS.Israel,deduced
ISO.Tajikistan,!,DHS.Japan,deduced
ISO.Tajikistan,!,DHS.Jordan,deduced
ISO.Tajikistan,!,DHS.KazakDHStan,deduced
ISO.Tajikistan,!,DHS.Kuwait,deduced
ISO.Tajikistan,!,DHS.Kyrgyzstan,deduced
ISO.Tajikistan,!,DHS.Laos,deduced
ISO.Tajikistan,!,DHS.Lebanon,deduced
ISO.Tajikistan,!,DHS.Macau,deduced
ISO.Tajikistan,!,DHS.Malaysia,deduced
ISO.Tajikistan,!,DHS.Maldives,deduced
ISO.Tajikistan,!,DHS.Mongolia,deduced
ISO.Tajikistan,!,DHS.Nepal,deduced
ISO.Tajikistan,!,DHS.NorthKorea,deduced
ISO.Tajikistan,!,DHS.Oman,deduced
ISO.Tajikistan,!,DHS.Pakistan,deduced
ISO.Tajikistan,!,DHS.Philippines,deduced
ISO.Tajikistan,!,DHS.Qatar,deduced
ISO.Tajikistan,!,DHS.SaudiArabia,deduced
ISO.Tajikistan,!,DHS.Singapore,deduced
ISO.Tajikistan,!,DHS.SouthKorea,deduced
ISO.Tajikistan,!,DHS.SriLanka,deduced
ISO.Tajikistan,!,DHS.Taiwan,deduced
ISO.Tajikistan,!,DHS.Thailand,deduced
ISO.Tajikistan,!,DHS.Turkey,deduced
ISO.Tajikistan,!,DHS.Turkmenistan,deduced
ISO.Tajikistan,!,DHS.UnitedArabEmirates,deduced
ISO.Tajikistan,!,DHS.Uzbekistan,deduced
ISO.Tajikistan,!,DHS.Vietnam,deduced
ISO.Tajikistan,!,DHS.Yemen,deduced
ISO.Thailand,!,DHS.Afghanistan,deduced
ISO.Thailand,!,DHS.Armenia,deduced
ISO.Thailand,<,DHS.Asia,deduced
ISO.Thailand,!,DHS.Azerbaijan,deduced
ISO.Thailand,!,DHS.Bahrain,deduced
ISO.Thailand,!,DHS.Bangladesh,deduced
ISO.Thailand,!,DHS.Bhutan,deduced
ISO.Thailand,!,DHS.Brunei,deduced
ISO.Thailand,!,DHS.Burma,deduced
ISO.Thailand,!,DHS.Cambodia,deduced
ISO.Thailand,!,DHS.China,deduced
ISO.Thailand,!,DHS.Cyprus,deduced
ISO.Thailand,!,DHS.EastTimor,deduced
ISO.Thailand,!,DHS.Georgia,deduced
ISO.Thailand,!,DHS.HongKong,deduced
ISO.Thailand,!,DHS.India,deduced
ISO.Thailand,!,DHS.Indonesia,deduced
ISO.Thailand,!,DHS.Iran,deduced
ISO.Thailand,!,DHS.Iraq,deduced
ISO.Thailand,!,DHS.Israel,deduced
ISO.Thailand,!,DHS.Japan,deduced
ISO.Thailand,!,DHS.Jordan,deduced
ISO.Thailand,!,DHS.KazakDHStan,deduced
ISO.Thailand,!,DHS.Kuwait,deduced
ISO.Thailand,!,DHS.Kyrgyzstan,deduced
ISO.Thailand,!,DHS.Laos,deduced
ISO.Thailand,!,DHS.Lebanon,deduced
ISO.Thailand,!,DHS.Macau,deduced
ISO.Thailand,!,DHS.Malaysia,deduced
ISO.Thailand,!,DHS.Maldives,deduced
ISO.Thailand,!,DHS.Mongolia,deduced
ISO.Thailand,!,DHS.Nepal,deduced
ISO.Thailand,!,DHS.NorthKorea,deduced
ISO.Thailand,!,DHS.Oman,deduced
ISO.Thailand,!,DHS.Pakistan,deduced
ISO.Thailand,!,DHS.Philippines,deduced
ISO.Thailand,!,DHS.Qatar,deduced
ISO.Thailand,!,DHS.SaudiArabia,deduced
ISO.Thailand,!,DHS.Singapore,deduced
ISO.Thailand,!,DHS.SouthKorea,deduced
ISO.Thailand,!,DHS.SriLanka,deduced
ISO.Thailand,!,DHS.Taiwan,deduced
ISO.Thailand,!,DHS.Tajikistan,deduced
ISO.Thailand,!,DHS.Turkey,deduced
ISO.Thailand,!,DHS.Turkmenistan,deduced
ISO.Thailand,!,DHS.UnitedArabEmirates,deduced
ISO.Thailand,!,DHS.Uzbekistan,deduced
ISO.Thailand,!,DHS.Vietnam,deduced
ISO.Thailand,!,DHS.Yemen,deduced
ISO.TimorLeste,!,DHS.Afghanistan,deduced
ISO.TimorLeste,!,DHS.Armenia,deduced
ISO.TimorLeste,<,DHS.Asia,deduced
ISO.TimorLeste,!,DHS.Azerbaijan,deduced
ISO.TimorLeste,!,DHS.Bahrain,deduced
ISO.TimorLeste,!,DHS.Bangladesh,deduced
ISO.TimorLeste,!,DHS.Bhutan,deduced
ISO.TimorLeste,!,DHS.Brunei,deduced
ISO.TimorLeste,!,DHS.Burma,deduced
ISO.TimorLeste,!,DHS.Cambodia,deduced
ISO.TimorLeste,!,DHS.China,deduced
ISO.TimorLeste,!,DHS.Cyprus,deduced
ISO.TimorLeste,!,DHS.Georgia,deduced
ISO.TimorLeste,!,DHS.HongKong,deduced
ISO.TimorLeste,!,DHS.India,deduced
ISO.TimorLeste,!,DHS.Indonesia,deduced
ISO.TimorLeste,!,DHS.Iran,deduced
ISO.TimorLeste,!,DHS.Iraq,deduced
ISO.TimorLeste,!,DHS.Israel,deduced
ISO.TimorLeste,!,DHS.Japan,deduced
ISO.TimorLeste,!,DHS.Jordan,deduced
ISO.TimorLeste,!,DHS.KazakDHStan,deduced
ISO.TimorLeste,!,DHS.Kuwait,deduced
ISO.TimorLeste,!,DHS.Kyrgyzstan,deduced
ISO.TimorLeste,!,DHS.Laos,deduced
ISO.TimorLeste,!,DHS.Lebanon,deduced
ISO.TimorLeste,!,DHS.Macau,deduced
ISO.TimorLeste,!,DHS.Malaysia,deduced
ISO.TimorLeste,!,DHS.Maldives,deduced
ISO.TimorLeste,!,DHS.Mongolia,deduced
ISO.TimorLeste,!,DHS.Nepal,deduced
ISO.TimorLeste,!,DHS.NorthKorea,deduced
ISO.TimorLeste,!,DHS.Oman,deduced
ISO.TimorLeste,!,DHS.Pakistan,deduced
ISO.TimorLeste,!,DHS.Philippines,deduced
ISO.TimorLeste,!,DHS.Qatar,deduced
ISO.TimorLeste,!,DHS.SaudiArabia,deduced
ISO.TimorLeste,!,DHS.Singapore,deduced
ISO.TimorLeste,!,DHS.SouthKorea,deduced
ISO.TimorLeste,!,DHS.SriLanka,deduced
ISO.TimorLeste,!,DHS.Taiwan,deduced
ISO.TimorLeste,!,DHS.Tajikistan,deduced
ISO.TimorLeste,!,DHS.Thailand,deduced
ISO.TimorLeste,!,DHS.Turkey,deduced
ISO.TimorLeste,!,DHS.Turkmenistan,deduced
ISO.TimorLeste,!,DHS.UnitedArabEmirates,deduced
ISO.TimorLeste,!,DHS.Uzbekistan,deduced
ISO.TimorLeste,!,DHS.Vietnam,deduced
ISO.TimorLeste,!,DHS.Yemen,deduced
ISO.Turkey,!,DHS.Afghanistan,deduced
ISO.Turkey,!,DHS.Armenia,deduced
ISO.Turkey,<,DHS.Asia,deduced
ISO.Turkey,!,DHS.Azerbaijan,deduced
ISO.Turkey,!,DHS.Bahrain,deduced
ISO.Turkey,!,DHS.Bangladesh,deduced
ISO.Turkey,!,DHS.Bhutan,deduced
ISO.Turkey,!,DHS.Brunei,deduced
ISO.Turkey,!,DHS.Burma,deduced
ISO.Turkey,!,DHS.Cambodia,deduced
ISO.Turkey,!,DHS.China,deduced
ISO.Turkey,!,DHS.Cyprus,deduced
ISO.Turkey,!,DHS.EastTimor,deduced
ISO.Turkey,!,DHS.Georgia,deduced
ISO.Turkey,!,DHS.HongKong,deduced
ISO.Turkey,!,DHS.India,deduced
ISO.Turkey,!,DHS.Indonesia,deduced
ISO.Turkey,!,DHS.Iran,deduced
ISO.Turkey,!,DHS.Iraq,deduced
ISO.Turkey,!,DHS.Israel,deduced
ISO.Turkey,!,DHS.Japan,deduced
ISO.Turkey,!,DHS.Jordan,deduced
ISO.Turkey,!,DHS.KazakDHStan,deduced
ISO.Turkey,!,DHS.Kuwait,deduced
ISO.Turkey,!,DHS.Kyrgyzstan,deduced
ISO.Turkey,!,DHS.Laos,deduced
ISO.Turkey,!,DHS.Lebanon,deduced
ISO.Turkey,!,DHS.Macau,deduced
ISO.Turkey,!,DHS.Malaysia,deduced
ISO.Turkey,!,DHS.Maldives,deduced
ISO.Turkey,!,DHS.Mongolia,deduced
ISO.Turkey,!,DHS.Nepal,deduced
ISO.Turkey,!,DHS.NorthKorea,deduced
ISO.Turkey,!,DHS.Oman,deduced
ISO.Turkey,!,DHS.Pakistan,deduced
ISO.Turkey,!,DHS.Philippines,deduced
ISO.Turkey,!,DHS.Qatar,deduced
ISO.Turkey,!,DHS.SaudiArabia,deduced
ISO.Turkey,!,DHS.Singapore,deduced
ISO.Turkey,!,DHS.SouthKorea,deduced
ISO.Turkey,!,DHS.SriLanka,deduced
ISO.Turkey,!,DHS.Taiwan,deduced
ISO.Turkey,!,DHS.Tajikistan,deduced
ISO.Turkey,!,DHS.Thailand,deduced
ISO.Turkey,!,DHS.Turkmenistan,deduced
ISO.Turkey,!,DHS.UnitedArabEmirates,deduced
ISO.Turkey,!,DHS.Uzbekistan,deduced
ISO.Turkey,!,DHS.Vietnam,deduced
ISO.Turkey,!,DHS.Yemen,deduced
ISO.Turkmenistan,!,DHS.Afghanistan,deduced
ISO.Turkmenistan,!,DHS.Armenia,deduced
ISO.Turkmenistan,<,DHS.Asia,deduced
ISO.Turkmenistan,!,DHS.Azerbaijan,deduced
ISO.Turkmenistan,!,DHS.Bahrain,deduced
ISO.Turkmenistan,!,DHS.Bangladesh,deduced
ISO.Turkmenistan,!,DHS.Bhutan,deduced
ISO.Turkmenistan,!,DHS.Brunei,deduced
ISO.Turkmenistan,!,DHS.Burma,deduced
ISO.Turkmenistan,!,DHS.Cambodia,deduced
ISO.Turkmenistan,!,DHS.China,deduced
ISO.Turkmenistan,!,DHS.Cyprus,deduced
ISO.Turkmenistan,!,DHS.EastTimor,deduced
ISO.Turkmenistan,!,DHS.Georgia,deduced
ISO.Turkmenistan,!,DHS.HongKong,deduced
ISO.Turkmenistan,!,DHS.India,deduced
ISO.Turkmenistan,!,DHS.Indonesia,deduced
ISO.Turkmenistan,!,DHS.Iran,deduced
ISO.Turkmenistan,!,DHS.Iraq,deduced
ISO.Turkmenistan,!,DHS.Israel,deduced
ISO.Turkmenistan,!,DHS.Japan,deduced
ISO.Turkmenistan,!,DHS.Jordan,deduced
ISO.Turkmenistan,!,DHS.KazakDHStan,deduced
ISO.Turkmenistan,!,DHS.Kuwait,deduced
ISO.Turkmenistan,!,DHS.Kyrgyzstan,deduced
ISO.Turkmenistan,!,DHS.Laos,deduced
ISO.Turkmenistan,!,DHS.Lebanon,deduced
ISO.Turkmenistan,!,DHS.Macau,deduced
ISO.Turkmenistan,!,DHS.Malaysia,deduced
ISO.Turkmenistan,!,DHS.Maldives,deduced
ISO.Turkmenistan,!,DHS.Mongolia,deduced
ISO.Turkmenistan,!,DHS.Nepal,deduced
ISO.Turkmenistan,!,DHS.NorthKorea,deduced
ISO.Turkmenistan,!,DHS.Oman,deduced
ISO.Turkmenistan,!,DHS.Pakistan,deduced
ISO.Turkmenistan,!,DHS.Philippines,deduced
ISO.Turkmenistan,!,DHS.Qatar,deduced
ISO.Turkmenistan,!,DHS.SaudiArabia,deduced
ISO.Turkmenistan,!,DHS.Singapore,deduced
ISO.Turkmenistan,!,DHS.SouthKorea,deduced
ISO.Turkmenistan,!,DHS.SriLanka,deduced
ISO.Turkmenistan,!,DHS.Taiwan,deduced
ISO.Turkmenistan,!,DHS.Tajikistan,deduced
ISO.Turkmenistan,!,DHS.Thailand,deduced
ISO.Turkmenistan,!,DHS.Turkey,deduced
ISO.Turkmenistan,!,DHS.UnitedArabEmirates,deduced
ISO.Turkmenistan,!,DHS.Uzbekistan,deduced
ISO.Turkmenistan,!,DHS.Vietnam,deduced
ISO.Turkmenistan,!,DHS.Yemen,deduced
ISO.UnitedArabEmirates,!,DHS.Afghanistan,deduced
ISO.UnitedArabEmirates,!,DHS.Armenia,deduced
ISO.UnitedArabEmirates,<,DHS.Asia,deduced
ISO.UnitedArabEmirates,!,DHS.Azerbaijan,deduced
ISO.UnitedArabEmirates,!,DHS.Bahrain,deduced
ISO.UnitedArabEmirates,!,DHS.Bangladesh,deduced
ISO.UnitedArabEmirates,!,DHS.Bhutan,deduced
ISO.UnitedArabEmirates,!,DHS.Brunei,deduced
ISO.UnitedArabEmirates,!,DHS.Burma,deduced
ISO.UnitedArabEmirates,!,DHS.Cambodia,deduced
ISO.UnitedArabEmirates,!,DHS.China,deduced
ISO.UnitedArabEmirates,!,DHS.Cyprus,deduced
ISO.UnitedArabEmirates,!,DHS.EastTimor,deduced
ISO.UnitedArabEmirates,!,DHS.Georgia,deduced
ISO.UnitedArabEmirates,!,DHS.HongKong,deduced
ISO.UnitedArabEmirates,!,DHS.India,deduced
ISO.UnitedArabEmirates,!,DHS.Indonesia,deduced
ISO.UnitedArabEmirates,!,DHS.Iran,deduced
ISO.UnitedArabEmirates,!,DHS.Iraq,deduced
ISO.UnitedArabEmirates,!,DHS.Israel,deduced
ISO.UnitedArabEmirates,!,DHS.Japan,deduced
ISO.UnitedArabEmirates,!,DHS.Jordan,deduced
ISO.UnitedArabEmirates,!,DHS.KazakDHStan,deduced
ISO.UnitedArabEmirates,!,DHS.Kuwait,deduced
ISO.UnitedArabEmirates,!,DHS.Kyrgyzstan,deduced
ISO.UnitedArabEmirates,!,DHS.Laos,deduced
ISO.UnitedArabEmirates,!,DHS.Lebanon,deduced
ISO.UnitedArabEmirates,!,DHS.Macau,deduced
ISO.UnitedArabEmirates,!,DHS.Malaysia,deduced
ISO.UnitedArabEmirates,!,DHS.Maldives,deduced
ISO.UnitedArabEmirates,!,DHS.Mongolia,deduced
ISO.UnitedArabEmirates,!,DHS.Nepal,deduced
ISO.UnitedArabEmirates,!,DHS.NorthKorea,deduced
ISO.UnitedArabEmirates,!,DHS.Oman,deduced
ISO.UnitedArabEmirates,!,DHS.Pakistan,deduced
ISO.UnitedArabEmirates,!,DHS.Philippines,deduced
ISO.UnitedArabEmirates,!,DHS.Qatar,deduced
ISO.UnitedArabEmirates,!,DHS.SaudiArabia,deduced
ISO.UnitedArabEmirates,!,DHS.Singapore,deduced
ISO.UnitedArabEmirates,!,DHS.SouthKorea,deduced
ISO.UnitedArabEmirates,!,DHS.SriLanka,deduced
ISO.UnitedArabEmirates,!,DHS.Taiwan,deduced
ISO.UnitedArabEmirates,!,DHS.Tajikistan,deduced
ISO.UnitedArabEmirates,!,DHS.Thailand,deduced
ISO.UnitedArabEmirates,!,DHS.Turkey,deduced
ISO.UnitedArabEmirates,!,DHS.Turkmenistan,deduced
ISO.UnitedArabEmirates,!,DHS.Uzbekistan,deduced
ISO.UnitedArabEmirates,!,DHS.Vietnam,deduced
ISO.UnitedArabEmirates,!,DHS.Yemen,deduced
ISO.Uzbekistan,!,DHS.Afghanistan,deduced
ISO.Uzbekistan,!,DHS.Armenia,deduced
ISO.Uzbekistan,<,DHS.Asia,deduced
ISO.Uzbekistan,!,DHS.Azerbaijan,deduced
ISO.Uzbekistan,!,DHS.Bahrain,deduced
ISO.Uzbekistan,!,DHS.Bangladesh,deduced
ISO.Uzbekistan,!,DHS.Bhutan,deduced
ISO.Uzbekistan,!,DHS.Brunei,deduced
ISO.Uzbekistan,!,DHS.Burma,deduced
ISO.Uzbekistan,!,DHS.Cambodia,deduced
ISO.Uzbekistan,!,DHS.China,deduced
ISO.Uzbekistan,!,DHS.Cyprus,deduced
ISO.Uzbekistan,!,DHS.EastTimor,deduced
ISO.Uzbekistan,!,DHS.Georgia,deduced
ISO.Uzbekistan,!,DHS.HongKong,deduced
ISO.Uzbekistan,!,DHS.India,deduced
ISO.Uzbekistan,!,DHS.Indonesia,deduced
ISO.Uzbekistan,!,DHS.Iran,deduced
ISO.Uzbekistan,!,DHS.Iraq,deduced
ISO.Uzbekistan,!,DHS.Israel,deduced
ISO.Uzbekistan,!,DHS.Japan,deduced
ISO.Uzbekistan,!,DHS.Jordan,deduced
ISO.Uzbekistan,!,DHS.KazakDHStan,deduced
ISO.Uzbekistan,!,DHS.Kuwait,deduced
ISO.Uzbekistan,!,DHS.Kyrgyzstan,deduced
ISO.Uzbekistan,!,DHS.Laos,deduced
ISO.Uzbekistan,!,DHS.Lebanon,deduced
ISO.Uzbekistan,!,DHS.Macau,deduced
ISO.Uzbekistan,!,DHS.Malaysia,deduced
ISO.Uzbekistan,!,DHS.Maldives,deduced
ISO.Uzbekistan,!,DHS.Mongolia,deduced
ISO.Uzbekistan,!,DHS.Nepal,deduced
ISO.Uzbekistan,!,DHS.NorthKorea,deduced
ISO.Uzbekistan,!,DHS.Oman,deduced
ISO.Uzbekistan,!,DHS.Pakistan,deduced
ISO.Uzbekistan,!,DHS.Philippines,deduced
ISO.Uzbekistan,!,DHS.Qatar,deduced
ISO.Uzbekistan,!,DHS.SaudiArabia,deduced
ISO.Uzbekistan,!,DHS.Singapore,deduced
ISO.Uzbekistan,!,DHS.SouthKorea,deduced
ISO.Uzbekistan,!,DHS.SriLanka,deduced
ISO.Uzbekistan,!,DHS.Taiwan,deduced
ISO.Uzbekistan,!,DHS.Tajikistan,deduced
ISO.Uzbekistan,!,DHS.Thailand,deduced
ISO.Uzbekistan,!,DHS.Turkey,deduced
ISO.Uzbekistan,!,DHS.Turkmenistan,deduced
ISO.Uzbekistan,!,DHS.UnitedArabEmirates,deduced
ISO.Uzbekistan,!,DHS.Vietnam,deduced
ISO.Uzbekistan,!,DHS.Yemen,deduced
ISO.VietNam,!,DHS.Afghanistan,deduced
ISO.VietNam,!,DHS.Armenia,deduced
ISO.VietNam,<,DHS.Asia,deduced
ISO.VietNam,!,DHS.Azerbaijan,deduced
ISO.VietNam,!,DHS.Bahrain,deduced
ISO.VietNam,!,DHS.Bangladesh,deduced
ISO.VietNam,!,DHS.Bhutan,deduced
ISO.VietNam,!,DHS.Brunei,deduced
ISO.VietNam,!,DHS.Burma,deduced
ISO.VietNam,!,DHS.Cambodia,deduced
ISO.VietNam,!,DHS.China,deduced
ISO.VietNam,!,DHS.Cyprus,deduced
ISO.VietNam,!,DHS.EastTimor,deduced
ISO.VietNam,!,DHS.Georgia,deduced
ISO.VietNam,!,DHS.HongKong,deduced
ISO.VietNam,!,DHS.India,deduced
ISO.VietNam,!,DHS.Indonesia,deduced
ISO.VietNam,!,DHS.Iran,deduced
ISO.VietNam,!,DHS.Iraq,deduced
ISO.VietNam,!,DHS.Israel,deduced
ISO.VietNam,!,DHS.Japan,deduced
ISO.VietNam,!,DHS.Jordan,deduced
ISO.VietNam,!,DHS.KazakDHStan,deduced
ISO.VietNam,!,DHS.Kuwait,deduced
ISO.VietNam,!,DHS.Kyrgyzstan,deduced
ISO.VietNam,!,DHS.Laos,deduced
ISO.VietNam,!,DHS.Lebanon,deduced
ISO.VietNam,!,DHS.Macau,deduced
ISO.VietNam,!,DHS.Malaysia,deduced
ISO.VietNam,!,DHS.Maldives,deduced
ISO.VietNam,!,DHS.Mongolia,deduced
ISO.VietNam,!,DHS.Nepal,deduced
ISO.VietNam,!,DHS.NorthKorea,deduced
ISO.VietNam,!,DHS.Oman,deduced
ISO.VietNam,!,DHS.Pakistan,deduced
ISO.VietNam,!,DHS.Philippines,deduced
ISO.VietNam,!,DHS.Qatar,deduced
ISO.VietNam,!,DHS.SaudiArabia,deduced
ISO.VietNam,!,DHS.Singapore,deduced
ISO.VietNam,!,DHS.SouthKorea,deduced
ISO.VietNam,!,DHS.SriLanka,deduced
ISO.VietNam,!,DHS.Taiwan,deduced
ISO.VietNam,!,DHS.Tajikistan,deduced
ISO.VietNam,!,DHS.Thailand,deduced
ISO.VietNam,!,DHS.Turkey,deduced
ISO.VietNam,!,DHS.Turkmenistan,deduced
ISO.VietNam,!,DHS.UnitedArabEmirates,deduced
ISO.VietNam,!,DHS.Uzbekistan,deduced
ISO.VietNam,!,DHS.Yemen,deduced
ISO.Yemen,!,DHS.Afghanistan,deduced
ISO.Yemen,!,DHS.Armenia,deduced
ISO.Yemen,<,DHS.Asia,deduced
ISO.Yemen,!,DHS.Azerbaijan,deduced
ISO.Yemen,!,DHS.Bahrain,deduced
ISO.Yemen,!,DHS.Bangladesh,deduced
ISO.Yemen,!,DHS.Bhutan,deduced
ISO.Yemen,!,DHS.Brunei,deduced
ISO.Yemen,!,DHS.Burma,deduced
ISO.Yemen,!,DHS.Cambodia,deduced
ISO.Yemen,!,DHS.China,deduced
ISO.Yemen,!,DHS.Cyprus,deduced
ISO.Yemen,!,DHS.EastTimor,deduced
ISO.Yemen,!,DHS.Georgia,deduced
ISO.Yemen,!,DHS.HongKong,deduced
ISO.Yemen,!,DHS.India,deduced
ISO.Yemen,!,DHS.Indonesia,deduced
ISO.Yemen,!,DHS.Iran,deduced
ISO.Yemen,!,DHS.Iraq,deduced
ISO.Yemen,!,DHS.Israel,deduced
ISO.Yemen,!,DHS.Japan,deduced
ISO.Yemen,!,DHS.Jordan,deduced
ISO.Yemen,!,DHS.KazakDHStan,deduced
ISO.Yemen,!,DHS.Kuwait,deduced
ISO.Yemen,!,DHS.Kyrgyzstan,deduced
ISO.Yemen,!,DHS.Laos,deduced
ISO.Yemen,!,DHS.Lebanon,deduced
ISO.Yemen,!,DHS.Macau,deduced
ISO.Yemen,!,DHS.Malaysia,deduced
ISO.Yemen,!,DHS.Maldives,deduced
ISO.Yemen,!,DHS.Mongolia,deduced
ISO.Yemen,!,DHS.Nepal,deduced
ISO.Yemen,!,DHS.NorthKorea,deduced
ISO.Yemen,!,DHS.Oman,deduced
ISO.Yemen,!,DHS.Pakistan,deduced
ISO.Yemen,!,DHS.Philippines,deduced
ISO.Yemen,!,DHS.Qatar,deduced
ISO.Yemen,!,DHS.SaudiArabia,deduced
ISO.Yemen,!,DHS.Singapore,deduced
ISO.Yemen,!,DHS.SouthKorea,deduced
ISO.Yemen,!,DHS.SriLanka,deduced
ISO.Yemen,!,DHS.Taiwan,deduced
ISO.Yemen,!,DHS.Tajikistan,deduced
ISO.Yemen,!,DHS.Thailand,deduced
ISO.Yemen,!,DHS.Turkey,deduced
ISO.Yemen,!,DHS.Turkmenistan,deduced
ISO.Yemen,!,DHS.UnitedArabEmirates,deduced
ISO.Yemen,!,DHS.Uzbekistan,deduced
ISO.Yemen,!,DHS.Vietnam,deduced
ISO.China,>,DHS.China,inferred
ISO.China,>,DHS.Taiwan,inferred
ISO.TaiwanProvinceofChina,!,DHS.Afghanistan,inferred
ISO.TaiwanProvinceofChina,!,DHS.Armenia,inferred
ISO.TaiwanProvinceofChina,!,DHS.Azerbaijan,inferred
ISO.TaiwanProvinceofChina,!,DHS.Bahrain,inferred
ISO.TaiwanProvinceofChina,!,DHS.Bangladesh,inferred
ISO.TaiwanProvinceofChina,!,DHS.Bhutan,inferred
ISO.TaiwanProvinceofChina,!,DHS.Brunei,inferred
ISO.TaiwanProvinceofChina,!,DHS.Burma,inferred
ISO.TaiwanProvinceofChina,!,DHS.Cambodia,inferred
ISO.TaiwanProvinceofChina,>,DHS.China,inferred
ISO.TaiwanProvinceofChina,!,DHS.Cyprus,inferred
ISO.TaiwanProvinceofChina,!,DHS.EastTimor,inferred
ISO.TaiwanProvinceofChina,!,DHS.Georgia,inferred
ISO.TaiwanProvinceofChina,!,DHS.India,inferred
ISO.TaiwanProvinceofChina,!,DHS.Indonesia,inferred
ISO.TaiwanProvinceofChina,!,DHS.Iran,inferred
ISO.TaiwanProvinceofChina,!,DHS.Iraq,inferred
ISO.TaiwanProvinceofChina,!,DHS.Israel,inferred
ISO.TaiwanProvinceofChina,!,DHS.Japan,inferred
ISO.TaiwanProvinceofChina,!,DHS.Jordan,inferred
ISO.TaiwanProvinceofChina,!,DHS.KazakDHStan,inferred
ISO.TaiwanProvinceofChina,!,DHS.Kuwait,inferred
ISO.TaiwanProvinceofChina,!,DHS.Kyrgyzstan,inferred
ISO.TaiwanProvinceofChina,!,DHS.Laos,inferred
ISO.TaiwanProvinceofChina,!,DHS.Lebanon,inferred
ISO.TaiwanProvinceofChina,!,DHS.Malaysia,inferred
ISO.TaiwanProvinceofChina,!,DHS.Maldives,inferred
ISO.TaiwanProvinceofChina,!,DHS.Mongolia,inferred
ISO.TaiwanProvinceofChina,!,DHS.Nepal,inferred
ISO.TaiwanProvinceofChina,!,DHS.NorthKorea,inferred
ISO.TaiwanProvinceofChina,!,DHS.Oman,inferred
ISO.TaiwanProvinceofChina,!,DHS.Pakistan,inferred
ISO.TaiwanProvinceofChina,!,DHS.Philippines,inferred
ISO.TaiwanProvinceofChina,!,DHS.Qatar,inferred
ISO.TaiwanProvinceofChina,!,DHS.SaudiArabia,inferred
ISO.TaiwanProvinceofChina,!,DHS.Singapore,inferred
ISO.TaiwanProvinceofChina,!,DHS.SouthKorea,inferred
ISO.TaiwanProvinceofChina,!,DHS.SriLanka,inferred
ISO.TaiwanProvinceofChina,>,DHS.Taiwan,inferred
ISO.TaiwanProvinceofChina,!,DHS.Tajikistan,inferred
ISO.TaiwanProvinceofChina,!,DHS.Thailand,inferred
ISO.TaiwanProvinceofChina,!,DHS.Turkey,inferred
ISO.TaiwanProvinceofChina,!,DHS.Turkmenistan,inferred
ISO.TaiwanProvinceofChina,!,DHS.UnitedArabEmirates,inferred
ISO.TaiwanProvinceofChina,!,DHS.Uzbekistan,inferred
ISO.TaiwanProvinceofChina,!,DHS.Vietnam,inferred
ISO.TaiwanProvinceofChina,!,DHS.Yemen,inferred
ISO.Afghanistan,=,DHS.Afghanistan,input
ISO.Armenia,=,DHS.Armenia,input
ISO.Asia,=,DHS.Asia,input
ISO.Azerbaijan,=,DHS.Azerbaijan,input
ISO.Bahrain,=,DHS.Bahrain,input
ISO.Bangladesh,=,DHS.Bangladesh,input
ISO.Bhutan,=,DHS.Bhutan,input
ISO.BruneiDarussalam,=,DHS.Brunei,input
ISO.Cambodia,=,DHS.Cambodia,input
ISO.Cyprus,=,DHS.Cyprus,input
ISO.Georgia,=,DHS.Georgia,input
ISO.HongKong,=,DHS.HongKong,input
ISO.India,=,DHS.India,input
ISO.Indonesia,=,DHS.Indonesia,input
ISO.IranIslamicRepublicof,=,DHS.Iran,input
ISO.Iraq,=,DHS.Iraq,input
ISO.Israel,=,DHS.Israel,input
ISO.Japan,=,DHS.Japan,input
ISO.Jordan,=,DHS.Jordan,input
ISO.KazakDHStan,=,DHS.KazakDHStan,input
ISO.KoreaDemocraticPeoplesRepublicof,=,DHS.NorthKorea,input
ISO.KoreaRepublicof,=,DHS.SouthKorea,input
ISO.Kuwait,=,DHS.Kuwait,input
ISO.Kyrgyzstan,=,DHS.Kyrgyzstan,input
ISO.LaoPeoplesDemocraticRepublic,=,DHS.Laos,input
ISO.Lebanon,=,DHS.Lebanon,input
ISO.Macao,=,DHS.Macau,input
ISO.Malaysia,=,DHS.Malaysia,input
ISO.Maldives,=,DHS.Maldives,input
ISO.Mongolia,=,DHS.Mongolia,input
ISO.Myanmar,=,DHS.Burma,input
ISO.Nepal,=,DHS.Nepal,input
ISO.Oman,=,DHS.Oman,input
ISO.Pakistan,=,DHS.Pakistan,input
ISO.Philippines,=,DHS.Philippines,input
ISO.Qatar,=,DHS.Qatar,input
ISO.SaudiArabia,=,DHS.SaudiArabia,input
ISO.Singapore,=,DHS.Singapore,input
ISO.SriLanka,=,DHS.SriLanka,input
ISO.Tajikistan,=,DHS.Tajikistan,input
ISO.Thailand,=,DHS.Thailand,input
ISO.TimorLeste,=,DHS.EastTimor,input
ISO.Turkey,=,DHS.Turkey,input
ISO.Turkmenistan,=,DHS.Turkmenistan,input
ISO.UnitedArabEmirates,=,DHS.UnitedArabEmirates,input
ISO.Uzbekistan,=,DHS.Uzbekistan,input
ISO.VietNam,=,DHS.Vietnam,input
ISO.Yemen,=,DHS.Yemen,input
